

Microchip MPLAB XC8 Assembler V2.36 build 20220127204148 
                                                                                               Tue Aug 29 12:43:17 2023

Microchip MPLAB XC8 C Compiler v2.36 (Free license) build 20220127204148 Og1 
     1                           	processor	16F1937
     2                           	pagewidth 120
     3                           	opt	flic
     4                           	psect	stringtext1,global,class=STRCODE,delta=2,noexec
     5                           	psect	cinit,global,class=CODE,merge=1,delta=2
     6                           	psect	bssCOMMON,global,class=COMMON,space=1,delta=1,noexec
     7                           	psect	bssBANK0,global,class=BANK0,space=1,delta=1,noexec
     8                           	psect	bssBANK1,global,class=BANK1,space=1,delta=1,noexec
     9                           	psect	bssBANK2,global,class=BANK2,space=1,delta=1,noexec
    10                           	psect	clrtext,global,class=CODE,delta=2
    11                           	psect	cstackCOMMON,global,class=COMMON,space=1,delta=1,noexec
    12                           	psect	cstackBANK0,global,class=BANK0,space=1,delta=1,noexec
    13                           	psect	maintext,global,class=CODE,merge=1,split=1,delta=2
    14                           	psect	text1,local,class=CODE,merge=1,delta=2
    15                           	psect	text2,local,class=CODE,merge=1,delta=2
    16                           	psect	text3,local,class=CODE,merge=1,delta=2
    17                           	psect	text4,local,class=CODE,merge=1,delta=2
    18                           	psect	text5,local,class=CODE,merge=1,delta=2
    19                           	psect	text6,local,class=CODE,merge=1,delta=2
    20                           	psect	text7,local,class=CODE,merge=1,delta=2
    21                           	psect	text8,local,class=CODE,merge=1,delta=2
    22                           	psect	text9,local,class=CODE,merge=1,delta=2
    23                           	psect	text10,local,class=CODE,merge=1,delta=2
    24                           	psect	text11,local,class=CODE,merge=1,delta=2
    25                           	psect	intentry,global,class=CODE,delta=2
    26                           	psect	text13,local,class=CODE,merge=1,delta=2
    27                           	psect	text14,local,class=CODE,merge=1,delta=2
    28                           	psect	text15,local,class=CODE,merge=1,delta=2
    29                           	psect	text16,local,class=CODE,merge=1,delta=2
    30                           	psect	text17,local,class=CODE,merge=1,delta=2
    31                           	psect	text18,local,class=CODE,merge=1,delta=2
    32                           	psect	text19,local,class=CODE,merge=1,delta=2
    33                           	psect	idloc,global,abs,ovrld,class=IDLOC,space=5,delta=2,noexec
    34                           	psect	config,global,abs,ovrld,class=CONFIG,space=4,delta=2,noexec
    35                           	dabs	1,0x7E,2
    36  0000                     
    37                           ; Version 2.36
    38                           ; Generated 28/01/2022 GMT
    39                           ; 
    40                           ; Copyright © 2022, Microchip Technology Inc. and its subsidiaries ("Microchip")
    41                           ; All rights reserved.
    42                           ; 
    43                           ; This software is developed by Microchip Technology Inc. and its subsidiaries ("Microch
      +                          ip").
    44                           ; 
    45                           ; Redistribution and use in source and binary forms, with or without modification, are
    46                           ; permitted provided that the following conditions are met:
    47                           ; 
    48                           ;     1. Redistributions of source code must retain the above copyright notice, this lis
      +                          t of
    49                           ;        conditions and the following disclaimer.
    50                           ; 
    51                           ;     2. Redistributions in binary form must reproduce the above copyright notice, this 
      +                          list
    52                           ;        of conditions and the following disclaimer in the documentation and/or other
    53                           ;        materials provided with the distribution. Publication is not required when
    54                           ;        this file is used in an embedded application.
    55                           ; 
    56                           ;     3. Microchip's name may not be used to endorse or promote products derived from th
      +                          is
    57                           ;        software without specific prior written permission.
    58                           ; 
    59                           ; THIS SOFTWARE IS PROVIDED BY MICROCHIP "AS IS" AND ANY EXPRESS OR IMPLIED WARRANTIES,
    60                           ; INCLUDING, BUT NOT LIMITED TO, THE IMPLIED WARRANTIES OF MERCHANTABILITY AND FITNESS F
      +                          OR
    61                           ; PURPOSE ARE DISCLAIMED.  IN NO EVENT SHALL MICROCHIP BE LIABLE FOR ANY DIRECT, INDIREC
      +                          T,
    62                           ; INCIDENTAL, SPECIAL, EXEMPLARY, OR CONSEQUENTIAL DAMAGES (INCLUDING BUT NOT LIMITED TO
    63                           ; PROCUREMENT OF SUBSTITUTE GOODS OR SERVICES; LOSS OF USE, DATA OR PROFITS; OR BUSINESS
    64                           ; INTERRUPTION) HOWSOEVER CAUSED AND ON ANY THEORY OF LIABILITY, WHETHER IN CONTRACT, ST
      +                          RICT
    65                           ; LIABILITY, OR TORT (INCLUDING NEGLIGENCE OR OTHERWISE) ARISING IN ANY WAY OUT OF THE U
      +                          SE OF
    66                           ; THIS SOFTWARE, EVEN IF ADVISED OF THE POSSIBILITY OF SUCH DAMAGE.
    67                           ; 
    68                           ; 
    69                           ; Code-generator required, PIC16F1937 Definitions
    70                           ; 
    71                           ; SFR Addresses
    72  0000                     	;# 
    73  0001                     	;# 
    74  0002                     	;# 
    75  0003                     	;# 
    76  0004                     	;# 
    77  0005                     	;# 
    78  0006                     	;# 
    79  0007                     	;# 
    80  0008                     	;# 
    81  0009                     	;# 
    82  000A                     	;# 
    83  000B                     	;# 
    84  000C                     	;# 
    85  000D                     	;# 
    86  000E                     	;# 
    87  000F                     	;# 
    88  0010                     	;# 
    89  0011                     	;# 
    90  0012                     	;# 
    91  0013                     	;# 
    92  0015                     	;# 
    93  0016                     	;# 
    94  0016                     	;# 
    95  0017                     	;# 
    96  0018                     	;# 
    97  0019                     	;# 
    98  001A                     	;# 
    99  001B                     	;# 
   100  001C                     	;# 
   101  001E                     	;# 
   102  001F                     	;# 
   103  008C                     	;# 
   104  008D                     	;# 
   105  008E                     	;# 
   106  008F                     	;# 
   107  0090                     	;# 
   108  0091                     	;# 
   109  0092                     	;# 
   110  0093                     	;# 
   111  0095                     	;# 
   112  0096                     	;# 
   113  0097                     	;# 
   114  0098                     	;# 
   115  0099                     	;# 
   116  009A                     	;# 
   117  009B                     	;# 
   118  009B                     	;# 
   119  009C                     	;# 
   120  009D                     	;# 
   121  009E                     	;# 
   122  010C                     	;# 
   123  010D                     	;# 
   124  010E                     	;# 
   125  010F                     	;# 
   126  0110                     	;# 
   127  0111                     	;# 
   128  0112                     	;# 
   129  0113                     	;# 
   130  0114                     	;# 
   131  0115                     	;# 
   132  0116                     	;# 
   133  0117                     	;# 
   134  0118                     	;# 
   135  0119                     	;# 
   136  011A                     	;# 
   137  011B                     	;# 
   138  011D                     	;# 
   139  018C                     	;# 
   140  018D                     	;# 
   141  018F                     	;# 
   142  0190                     	;# 
   143  0191                     	;# 
   144  0191                     	;# 
   145  0192                     	;# 
   146  0193                     	;# 
   147  0193                     	;# 
   148  0193                     	;# 
   149  0194                     	;# 
   150  0195                     	;# 
   151  0196                     	;# 
   152  0199                     	;# 
   153  019A                     	;# 
   154  019B                     	;# 
   155  019B                     	;# 
   156  019B                     	;# 
   157  019B                     	;# 
   158  019C                     	;# 
   159  019C                     	;# 
   160  019D                     	;# 
   161  019E                     	;# 
   162  019F                     	;# 
   163  020D                     	;# 
   164  0210                     	;# 
   165  0211                     	;# 
   166  0212                     	;# 
   167  0213                     	;# 
   168  0214                     	;# 
   169  0215                     	;# 
   170  0215                     	;# 
   171  0216                     	;# 
   172  0217                     	;# 
   173  0291                     	;# 
   174  0291                     	;# 
   175  0292                     	;# 
   176  0293                     	;# 
   177  0294                     	;# 
   178  0295                     	;# 
   179  0295                     	;# 
   180  0296                     	;# 
   181  0298                     	;# 
   182  0298                     	;# 
   183  0299                     	;# 
   184  029A                     	;# 
   185  029B                     	;# 
   186  029C                     	;# 
   187  029C                     	;# 
   188  029D                     	;# 
   189  029E                     	;# 
   190  029F                     	;# 
   191  0311                     	;# 
   192  0311                     	;# 
   193  0312                     	;# 
   194  0313                     	;# 
   195  0314                     	;# 
   196  0315                     	;# 
   197  0315                     	;# 
   198  0316                     	;# 
   199  0318                     	;# 
   200  0318                     	;# 
   201  0319                     	;# 
   202  031A                     	;# 
   203  031C                     	;# 
   204  031C                     	;# 
   205  031D                     	;# 
   206  031E                     	;# 
   207  0394                     	;# 
   208  0395                     	;# 
   209  0396                     	;# 
   210  0415                     	;# 
   211  0416                     	;# 
   212  0417                     	;# 
   213  041C                     	;# 
   214  041D                     	;# 
   215  041E                     	;# 
   216  0791                     	;# 
   217  0792                     	;# 
   218  0793                     	;# 
   219  0794                     	;# 
   220  0795                     	;# 
   221  0798                     	;# 
   222  0799                     	;# 
   223  079A                     	;# 
   224  07A0                     	;# 
   225  07A1                     	;# 
   226  07A2                     	;# 
   227  07A3                     	;# 
   228  07A4                     	;# 
   229  07A5                     	;# 
   230  07A6                     	;# 
   231  07A7                     	;# 
   232  07A8                     	;# 
   233  07A9                     	;# 
   234  07AA                     	;# 
   235  07AB                     	;# 
   236  0FE4                     	;# 
   237  0FE5                     	;# 
   238  0FE6                     	;# 
   239  0FE7                     	;# 
   240  0FE8                     	;# 
   241  0FE9                     	;# 
   242  0FEA                     	;# 
   243  0FEB                     	;# 
   244  0FED                     	;# 
   245  0FEE                     	;# 
   246  0FEF                     	;# 
   247  0000                     	;# 
   248  0001                     	;# 
   249  0002                     	;# 
   250  0003                     	;# 
   251  0004                     	;# 
   252  0005                     	;# 
   253  0006                     	;# 
   254  0007                     	;# 
   255  0008                     	;# 
   256  0009                     	;# 
   257  000A                     	;# 
   258  000B                     	;# 
   259  000C                     	;# 
   260  000D                     	;# 
   261  000E                     	;# 
   262  000F                     	;# 
   263  0010                     	;# 
   264  0011                     	;# 
   265  0012                     	;# 
   266  0013                     	;# 
   267  0015                     	;# 
   268  0016                     	;# 
   269  0016                     	;# 
   270  0017                     	;# 
   271  0018                     	;# 
   272  0019                     	;# 
   273  001A                     	;# 
   274  001B                     	;# 
   275  001C                     	;# 
   276  001E                     	;# 
   277  001F                     	;# 
   278  008C                     	;# 
   279  008D                     	;# 
   280  008E                     	;# 
   281  008F                     	;# 
   282  0090                     	;# 
   283  0091                     	;# 
   284  0092                     	;# 
   285  0093                     	;# 
   286  0095                     	;# 
   287  0096                     	;# 
   288  0097                     	;# 
   289  0098                     	;# 
   290  0099                     	;# 
   291  009A                     	;# 
   292  009B                     	;# 
   293  009B                     	;# 
   294  009C                     	;# 
   295  009D                     	;# 
   296  009E                     	;# 
   297  010C                     	;# 
   298  010D                     	;# 
   299  010E                     	;# 
   300  010F                     	;# 
   301  0110                     	;# 
   302  0111                     	;# 
   303  0112                     	;# 
   304  0113                     	;# 
   305  0114                     	;# 
   306  0115                     	;# 
   307  0116                     	;# 
   308  0117                     	;# 
   309  0118                     	;# 
   310  0119                     	;# 
   311  011A                     	;# 
   312  011B                     	;# 
   313  011D                     	;# 
   314  018C                     	;# 
   315  018D                     	;# 
   316  018F                     	;# 
   317  0190                     	;# 
   318  0191                     	;# 
   319  0191                     	;# 
   320  0192                     	;# 
   321  0193                     	;# 
   322  0193                     	;# 
   323  0193                     	;# 
   324  0194                     	;# 
   325  0195                     	;# 
   326  0196                     	;# 
   327  0199                     	;# 
   328  019A                     	;# 
   329  019B                     	;# 
   330  019B                     	;# 
   331  019B                     	;# 
   332  019B                     	;# 
   333  019C                     	;# 
   334  019C                     	;# 
   335  019D                     	;# 
   336  019E                     	;# 
   337  019F                     	;# 
   338  020D                     	;# 
   339  0210                     	;# 
   340  0211                     	;# 
   341  0212                     	;# 
   342  0213                     	;# 
   343  0214                     	;# 
   344  0215                     	;# 
   345  0215                     	;# 
   346  0216                     	;# 
   347  0217                     	;# 
   348  0291                     	;# 
   349  0291                     	;# 
   350  0292                     	;# 
   351  0293                     	;# 
   352  0294                     	;# 
   353  0295                     	;# 
   354  0295                     	;# 
   355  0296                     	;# 
   356  0298                     	;# 
   357  0298                     	;# 
   358  0299                     	;# 
   359  029A                     	;# 
   360  029B                     	;# 
   361  029C                     	;# 
   362  029C                     	;# 
   363  029D                     	;# 
   364  029E                     	;# 
   365  029F                     	;# 
   366  0311                     	;# 
   367  0311                     	;# 
   368  0312                     	;# 
   369  0313                     	;# 
   370  0314                     	;# 
   371  0315                     	;# 
   372  0315                     	;# 
   373  0316                     	;# 
   374  0318                     	;# 
   375  0318                     	;# 
   376  0319                     	;# 
   377  031A                     	;# 
   378  031C                     	;# 
   379  031C                     	;# 
   380  031D                     	;# 
   381  031E                     	;# 
   382  0394                     	;# 
   383  0395                     	;# 
   384  0396                     	;# 
   385  0415                     	;# 
   386  0416                     	;# 
   387  0417                     	;# 
   388  041C                     	;# 
   389  041D                     	;# 
   390  041E                     	;# 
   391  0791                     	;# 
   392  0792                     	;# 
   393  0793                     	;# 
   394  0794                     	;# 
   395  0795                     	;# 
   396  0798                     	;# 
   397  0799                     	;# 
   398  079A                     	;# 
   399  07A0                     	;# 
   400  07A1                     	;# 
   401  07A2                     	;# 
   402  07A3                     	;# 
   403  07A4                     	;# 
   404  07A5                     	;# 
   405  07A6                     	;# 
   406  07A7                     	;# 
   407  07A8                     	;# 
   408  07A9                     	;# 
   409  07AA                     	;# 
   410  07AB                     	;# 
   411  0FE4                     	;# 
   412  0FE5                     	;# 
   413  0FE6                     	;# 
   414  0FE7                     	;# 
   415  0FE8                     	;# 
   416  0FE9                     	;# 
   417  0FEA                     	;# 
   418  0FEB                     	;# 
   419  0FED                     	;# 
   420  0FEE                     	;# 
   421  0FEF                     	;# 
   422  0000                     	;# 
   423  0001                     	;# 
   424  0002                     	;# 
   425  0003                     	;# 
   426  0004                     	;# 
   427  0005                     	;# 
   428  0006                     	;# 
   429  0007                     	;# 
   430  0008                     	;# 
   431  0009                     	;# 
   432  000A                     	;# 
   433  000B                     	;# 
   434  000C                     	;# 
   435  000D                     	;# 
   436  000E                     	;# 
   437  000F                     	;# 
   438  0010                     	;# 
   439  0011                     	;# 
   440  0012                     	;# 
   441  0013                     	;# 
   442  0015                     	;# 
   443  0016                     	;# 
   444  0016                     	;# 
   445  0017                     	;# 
   446  0018                     	;# 
   447  0019                     	;# 
   448  001A                     	;# 
   449  001B                     	;# 
   450  001C                     	;# 
   451  001E                     	;# 
   452  001F                     	;# 
   453  008C                     	;# 
   454  008D                     	;# 
   455  008E                     	;# 
   456  008F                     	;# 
   457  0090                     	;# 
   458  0091                     	;# 
   459  0092                     	;# 
   460  0093                     	;# 
   461  0095                     	;# 
   462  0096                     	;# 
   463  0097                     	;# 
   464  0098                     	;# 
   465  0099                     	;# 
   466  009A                     	;# 
   467  009B                     	;# 
   468  009B                     	;# 
   469  009C                     	;# 
   470  009D                     	;# 
   471  009E                     	;# 
   472  010C                     	;# 
   473  010D                     	;# 
   474  010E                     	;# 
   475  010F                     	;# 
   476  0110                     	;# 
   477  0111                     	;# 
   478  0112                     	;# 
   479  0113                     	;# 
   480  0114                     	;# 
   481  0115                     	;# 
   482  0116                     	;# 
   483  0117                     	;# 
   484  0118                     	;# 
   485  0119                     	;# 
   486  011A                     	;# 
   487  011B                     	;# 
   488  011D                     	;# 
   489  018C                     	;# 
   490  018D                     	;# 
   491  018F                     	;# 
   492  0190                     	;# 
   493  0191                     	;# 
   494  0191                     	;# 
   495  0192                     	;# 
   496  0193                     	;# 
   497  0193                     	;# 
   498  0193                     	;# 
   499  0194                     	;# 
   500  0195                     	;# 
   501  0196                     	;# 
   502  0199                     	;# 
   503  019A                     	;# 
   504  019B                     	;# 
   505  019B                     	;# 
   506  019B                     	;# 
   507  019B                     	;# 
   508  019C                     	;# 
   509  019C                     	;# 
   510  019D                     	;# 
   511  019E                     	;# 
   512  019F                     	;# 
   513  020D                     	;# 
   514  0210                     	;# 
   515  0211                     	;# 
   516  0212                     	;# 
   517  0213                     	;# 
   518  0214                     	;# 
   519  0215                     	;# 
   520  0215                     	;# 
   521  0216                     	;# 
   522  0217                     	;# 
   523  0291                     	;# 
   524  0291                     	;# 
   525  0292                     	;# 
   526  0293                     	;# 
   527  0294                     	;# 
   528  0295                     	;# 
   529  0295                     	;# 
   530  0296                     	;# 
   531  0298                     	;# 
   532  0298                     	;# 
   533  0299                     	;# 
   534  029A                     	;# 
   535  029B                     	;# 
   536  029C                     	;# 
   537  029C                     	;# 
   538  029D                     	;# 
   539  029E                     	;# 
   540  029F                     	;# 
   541  0311                     	;# 
   542  0311                     	;# 
   543  0312                     	;# 
   544  0313                     	;# 
   545  0314                     	;# 
   546  0315                     	;# 
   547  0315                     	;# 
   548  0316                     	;# 
   549  0318                     	;# 
   550  0318                     	;# 
   551  0319                     	;# 
   552  031A                     	;# 
   553  031C                     	;# 
   554  031C                     	;# 
   555  031D                     	;# 
   556  031E                     	;# 
   557  0394                     	;# 
   558  0395                     	;# 
   559  0396                     	;# 
   560  0415                     	;# 
   561  0416                     	;# 
   562  0417                     	;# 
   563  041C                     	;# 
   564  041D                     	;# 
   565  041E                     	;# 
   566  0791                     	;# 
   567  0792                     	;# 
   568  0793                     	;# 
   569  0794                     	;# 
   570  0795                     	;# 
   571  0798                     	;# 
   572  0799                     	;# 
   573  079A                     	;# 
   574  07A0                     	;# 
   575  07A1                     	;# 
   576  07A2                     	;# 
   577  07A3                     	;# 
   578  07A4                     	;# 
   579  07A5                     	;# 
   580  07A6                     	;# 
   581  07A7                     	;# 
   582  07A8                     	;# 
   583  07A9                     	;# 
   584  07AA                     	;# 
   585  07AB                     	;# 
   586  0FE4                     	;# 
   587  0FE5                     	;# 
   588  0FE6                     	;# 
   589  0FE7                     	;# 
   590  0FE8                     	;# 
   591  0FE9                     	;# 
   592  0FEA                     	;# 
   593  0FEB                     	;# 
   594  0FED                     	;# 
   595  0FEE                     	;# 
   596  0FEF                     	;# 
   597  0000                     	;# 
   598  0001                     	;# 
   599  0002                     	;# 
   600  0003                     	;# 
   601  0004                     	;# 
   602  0005                     	;# 
   603  0006                     	;# 
   604  0007                     	;# 
   605  0008                     	;# 
   606  0009                     	;# 
   607  000A                     	;# 
   608  000B                     	;# 
   609  000C                     	;# 
   610  000D                     	;# 
   611  000E                     	;# 
   612  000F                     	;# 
   613  0010                     	;# 
   614  0011                     	;# 
   615  0012                     	;# 
   616  0013                     	;# 
   617  0015                     	;# 
   618  0016                     	;# 
   619  0016                     	;# 
   620  0017                     	;# 
   621  0018                     	;# 
   622  0019                     	;# 
   623  001A                     	;# 
   624  001B                     	;# 
   625  001C                     	;# 
   626  001E                     	;# 
   627  001F                     	;# 
   628  008C                     	;# 
   629  008D                     	;# 
   630  008E                     	;# 
   631  008F                     	;# 
   632  0090                     	;# 
   633  0091                     	;# 
   634  0092                     	;# 
   635  0093                     	;# 
   636  0095                     	;# 
   637  0096                     	;# 
   638  0097                     	;# 
   639  0098                     	;# 
   640  0099                     	;# 
   641  009A                     	;# 
   642  009B                     	;# 
   643  009B                     	;# 
   644  009C                     	;# 
   645  009D                     	;# 
   646  009E                     	;# 
   647  010C                     	;# 
   648  010D                     	;# 
   649  010E                     	;# 
   650  010F                     	;# 
   651  0110                     	;# 
   652  0111                     	;# 
   653  0112                     	;# 
   654  0113                     	;# 
   655  0114                     	;# 
   656  0115                     	;# 
   657  0116                     	;# 
   658  0117                     	;# 
   659  0118                     	;# 
   660  0119                     	;# 
   661  011A                     	;# 
   662  011B                     	;# 
   663  011D                     	;# 
   664  018C                     	;# 
   665  018D                     	;# 
   666  018F                     	;# 
   667  0190                     	;# 
   668  0191                     	;# 
   669  0191                     	;# 
   670  0192                     	;# 
   671  0193                     	;# 
   672  0193                     	;# 
   673  0193                     	;# 
   674  0194                     	;# 
   675  0195                     	;# 
   676  0196                     	;# 
   677  0199                     	;# 
   678  019A                     	;# 
   679  019B                     	;# 
   680  019B                     	;# 
   681  019B                     	;# 
   682  019B                     	;# 
   683  019C                     	;# 
   684  019C                     	;# 
   685  019D                     	;# 
   686  019E                     	;# 
   687  019F                     	;# 
   688  020D                     	;# 
   689  0210                     	;# 
   690  0211                     	;# 
   691  0212                     	;# 
   692  0213                     	;# 
   693  0214                     	;# 
   694  0215                     	;# 
   695  0215                     	;# 
   696  0216                     	;# 
   697  0217                     	;# 
   698  0291                     	;# 
   699  0291                     	;# 
   700  0292                     	;# 
   701  0293                     	;# 
   702  0294                     	;# 
   703  0295                     	;# 
   704  0295                     	;# 
   705  0296                     	;# 
   706  0298                     	;# 
   707  0298                     	;# 
   708  0299                     	;# 
   709  029A                     	;# 
   710  029B                     	;# 
   711  029C                     	;# 
   712  029C                     	;# 
   713  029D                     	;# 
   714  029E                     	;# 
   715  029F                     	;# 
   716  0311                     	;# 
   717  0311                     	;# 
   718  0312                     	;# 
   719  0313                     	;# 
   720  0314                     	;# 
   721  0315                     	;# 
   722  0315                     	;# 
   723  0316                     	;# 
   724  0318                     	;# 
   725  0318                     	;# 
   726  0319                     	;# 
   727  031A                     	;# 
   728  031C                     	;# 
   729  031C                     	;# 
   730  031D                     	;# 
   731  031E                     	;# 
   732  0394                     	;# 
   733  0395                     	;# 
   734  0396                     	;# 
   735  0415                     	;# 
   736  0416                     	;# 
   737  0417                     	;# 
   738  041C                     	;# 
   739  041D                     	;# 
   740  041E                     	;# 
   741  0791                     	;# 
   742  0792                     	;# 
   743  0793                     	;# 
   744  0794                     	;# 
   745  0795                     	;# 
   746  0798                     	;# 
   747  0799                     	;# 
   748  079A                     	;# 
   749  07A0                     	;# 
   750  07A1                     	;# 
   751  07A2                     	;# 
   752  07A3                     	;# 
   753  07A4                     	;# 
   754  07A5                     	;# 
   755  07A6                     	;# 
   756  07A7                     	;# 
   757  07A8                     	;# 
   758  07A9                     	;# 
   759  07AA                     	;# 
   760  07AB                     	;# 
   761  0FE4                     	;# 
   762  0FE5                     	;# 
   763  0FE6                     	;# 
   764  0FE7                     	;# 
   765  0FE8                     	;# 
   766  0FE9                     	;# 
   767  0FEA                     	;# 
   768  0FEB                     	;# 
   769  0FED                     	;# 
   770  0FEE                     	;# 
   771  0FEF                     	;# 
   772  0000                     	;# 
   773  0001                     	;# 
   774  0002                     	;# 
   775  0003                     	;# 
   776  0004                     	;# 
   777  0005                     	;# 
   778  0006                     	;# 
   779  0007                     	;# 
   780  0008                     	;# 
   781  0009                     	;# 
   782  000A                     	;# 
   783  000B                     	;# 
   784  000C                     	;# 
   785  000D                     	;# 
   786  000E                     	;# 
   787  000F                     	;# 
   788  0010                     	;# 
   789  0011                     	;# 
   790  0012                     	;# 
   791  0013                     	;# 
   792  0015                     	;# 
   793  0016                     	;# 
   794  0016                     	;# 
   795  0017                     	;# 
   796  0018                     	;# 
   797  0019                     	;# 
   798  001A                     	;# 
   799  001B                     	;# 
   800  001C                     	;# 
   801  001E                     	;# 
   802  001F                     	;# 
   803  008C                     	;# 
   804  008D                     	;# 
   805  008E                     	;# 
   806  008F                     	;# 
   807  0090                     	;# 
   808  0091                     	;# 
   809  0092                     	;# 
   810  0093                     	;# 
   811  0095                     	;# 
   812  0096                     	;# 
   813  0097                     	;# 
   814  0098                     	;# 
   815  0099                     	;# 
   816  009A                     	;# 
   817  009B                     	;# 
   818  009B                     	;# 
   819  009C                     	;# 
   820  009D                     	;# 
   821  009E                     	;# 
   822  010C                     	;# 
   823  010D                     	;# 
   824  010E                     	;# 
   825  010F                     	;# 
   826  0110                     	;# 
   827  0111                     	;# 
   828  0112                     	;# 
   829  0113                     	;# 
   830  0114                     	;# 
   831  0115                     	;# 
   832  0116                     	;# 
   833  0117                     	;# 
   834  0118                     	;# 
   835  0119                     	;# 
   836  011A                     	;# 
   837  011B                     	;# 
   838  011D                     	;# 
   839  018C                     	;# 
   840  018D                     	;# 
   841  018F                     	;# 
   842  0190                     	;# 
   843  0191                     	;# 
   844  0191                     	;# 
   845  0192                     	;# 
   846  0193                     	;# 
   847  0193                     	;# 
   848  0193                     	;# 
   849  0194                     	;# 
   850  0195                     	;# 
   851  0196                     	;# 
   852  0199                     	;# 
   853  019A                     	;# 
   854  019B                     	;# 
   855  019B                     	;# 
   856  019B                     	;# 
   857  019B                     	;# 
   858  019C                     	;# 
   859  019C                     	;# 
   860  019D                     	;# 
   861  019E                     	;# 
   862  019F                     	;# 
   863  020D                     	;# 
   864  0210                     	;# 
   865  0211                     	;# 
   866  0212                     	;# 
   867  0213                     	;# 
   868  0214                     	;# 
   869  0215                     	;# 
   870  0215                     	;# 
   871  0216                     	;# 
   872  0217                     	;# 
   873  0291                     	;# 
   874  0291                     	;# 
   875  0292                     	;# 
   876  0293                     	;# 
   877  0294                     	;# 
   878  0295                     	;# 
   879  0295                     	;# 
   880  0296                     	;# 
   881  0298                     	;# 
   882  0298                     	;# 
   883  0299                     	;# 
   884  029A                     	;# 
   885  029B                     	;# 
   886  029C                     	;# 
   887  029C                     	;# 
   888  029D                     	;# 
   889  029E                     	;# 
   890  029F                     	;# 
   891  0311                     	;# 
   892  0311                     	;# 
   893  0312                     	;# 
   894  0313                     	;# 
   895  0314                     	;# 
   896  0315                     	;# 
   897  0315                     	;# 
   898  0316                     	;# 
   899  0318                     	;# 
   900  0318                     	;# 
   901  0319                     	;# 
   902  031A                     	;# 
   903  031C                     	;# 
   904  031C                     	;# 
   905  031D                     	;# 
   906  031E                     	;# 
   907  0394                     	;# 
   908  0395                     	;# 
   909  0396                     	;# 
   910  0415                     	;# 
   911  0416                     	;# 
   912  0417                     	;# 
   913  041C                     	;# 
   914  041D                     	;# 
   915  041E                     	;# 
   916  0791                     	;# 
   917  0792                     	;# 
   918  0793                     	;# 
   919  0794                     	;# 
   920  0795                     	;# 
   921  0798                     	;# 
   922  0799                     	;# 
   923  079A                     	;# 
   924  07A0                     	;# 
   925  07A1                     	;# 
   926  07A2                     	;# 
   927  07A3                     	;# 
   928  07A4                     	;# 
   929  07A5                     	;# 
   930  07A6                     	;# 
   931  07A7                     	;# 
   932  07A8                     	;# 
   933  07A9                     	;# 
   934  07AA                     	;# 
   935  07AB                     	;# 
   936  0FE4                     	;# 
   937  0FE5                     	;# 
   938  0FE6                     	;# 
   939  0FE7                     	;# 
   940  0FE8                     	;# 
   941  0FE9                     	;# 
   942  0FEA                     	;# 
   943  0FEB                     	;# 
   944  0FED                     	;# 
   945  0FEE                     	;# 
   946  0FEF                     	;# 
   947  0000                     	;# 
   948  0001                     	;# 
   949  0002                     	;# 
   950  0003                     	;# 
   951  0004                     	;# 
   952  0005                     	;# 
   953  0006                     	;# 
   954  0007                     	;# 
   955  0008                     	;# 
   956  0009                     	;# 
   957  000A                     	;# 
   958  000B                     	;# 
   959  000C                     	;# 
   960  000D                     	;# 
   961  000E                     	;# 
   962  000F                     	;# 
   963  0010                     	;# 
   964  0011                     	;# 
   965  0012                     	;# 
   966  0013                     	;# 
   967  0015                     	;# 
   968  0016                     	;# 
   969  0016                     	;# 
   970  0017                     	;# 
   971  0018                     	;# 
   972  0019                     	;# 
   973  001A                     	;# 
   974  001B                     	;# 
   975  001C                     	;# 
   976  001E                     	;# 
   977  001F                     	;# 
   978  008C                     	;# 
   979  008D                     	;# 
   980  008E                     	;# 
   981  008F                     	;# 
   982  0090                     	;# 
   983  0091                     	;# 
   984  0092                     	;# 
   985  0093                     	;# 
   986  0095                     	;# 
   987  0096                     	;# 
   988  0097                     	;# 
   989  0098                     	;# 
   990  0099                     	;# 
   991  009A                     	;# 
   992  009B                     	;# 
   993  009B                     	;# 
   994  009C                     	;# 
   995  009D                     	;# 
   996  009E                     	;# 
   997  010C                     	;# 
   998  010D                     	;# 
   999  010E                     	;# 
  1000  010F                     	;# 
  1001  0110                     	;# 
  1002  0111                     	;# 
  1003  0112                     	;# 
  1004  0113                     	;# 
  1005  0114                     	;# 
  1006  0115                     	;# 
  1007  0116                     	;# 
  1008  0117                     	;# 
  1009  0118                     	;# 
  1010  0119                     	;# 
  1011  011A                     	;# 
  1012  011B                     	;# 
  1013  011D                     	;# 
  1014  018C                     	;# 
  1015  018D                     	;# 
  1016  018F                     	;# 
  1017  0190                     	;# 
  1018  0191                     	;# 
  1019  0191                     	;# 
  1020  0192                     	;# 
  1021  0193                     	;# 
  1022  0193                     	;# 
  1023  0193                     	;# 
  1024  0194                     	;# 
  1025  0195                     	;# 
  1026  0196                     	;# 
  1027  0199                     	;# 
  1028  019A                     	;# 
  1029  019B                     	;# 
  1030  019B                     	;# 
  1031  019B                     	;# 
  1032  019B                     	;# 
  1033  019C                     	;# 
  1034  019C                     	;# 
  1035  019D                     	;# 
  1036  019E                     	;# 
  1037  019F                     	;# 
  1038  020D                     	;# 
  1039  0210                     	;# 
  1040  0211                     	;# 
  1041  0212                     	;# 
  1042  0213                     	;# 
  1043  0214                     	;# 
  1044  0215                     	;# 
  1045  0215                     	;# 
  1046  0216                     	;# 
  1047  0217                     	;# 
  1048  0291                     	;# 
  1049  0291                     	;# 
  1050  0292                     	;# 
  1051  0293                     	;# 
  1052  0294                     	;# 
  1053  0295                     	;# 
  1054  0295                     	;# 
  1055  0296                     	;# 
  1056  0298                     	;# 
  1057  0298                     	;# 
  1058  0299                     	;# 
  1059  029A                     	;# 
  1060  029B                     	;# 
  1061  029C                     	;# 
  1062  029C                     	;# 
  1063  029D                     	;# 
  1064  029E                     	;# 
  1065  029F                     	;# 
  1066  0311                     	;# 
  1067  0311                     	;# 
  1068  0312                     	;# 
  1069  0313                     	;# 
  1070  0314                     	;# 
  1071  0315                     	;# 
  1072  0315                     	;# 
  1073  0316                     	;# 
  1074  0318                     	;# 
  1075  0318                     	;# 
  1076  0319                     	;# 
  1077  031A                     	;# 
  1078  031C                     	;# 
  1079  031C                     	;# 
  1080  031D                     	;# 
  1081  031E                     	;# 
  1082  0394                     	;# 
  1083  0395                     	;# 
  1084  0396                     	;# 
  1085  0415                     	;# 
  1086  0416                     	;# 
  1087  0417                     	;# 
  1088  041C                     	;# 
  1089  041D                     	;# 
  1090  041E                     	;# 
  1091  0791                     	;# 
  1092  0792                     	;# 
  1093  0793                     	;# 
  1094  0794                     	;# 
  1095  0795                     	;# 
  1096  0798                     	;# 
  1097  0799                     	;# 
  1098  079A                     	;# 
  1099  07A0                     	;# 
  1100  07A1                     	;# 
  1101  07A2                     	;# 
  1102  07A3                     	;# 
  1103  07A4                     	;# 
  1104  07A5                     	;# 
  1105  07A6                     	;# 
  1106  07A7                     	;# 
  1107  07A8                     	;# 
  1108  07A9                     	;# 
  1109  07AA                     	;# 
  1110  07AB                     	;# 
  1111  0FE4                     	;# 
  1112  0FE5                     	;# 
  1113  0FE6                     	;# 
  1114  0FE7                     	;# 
  1115  0FE8                     	;# 
  1116  0FE9                     	;# 
  1117  0FEA                     	;# 
  1118  0FEB                     	;# 
  1119  0FED                     	;# 
  1120  0FEE                     	;# 
  1121  0FEF                     	;# 
  1122  0000                     	;# 
  1123  0001                     	;# 
  1124  0002                     	;# 
  1125  0003                     	;# 
  1126  0004                     	;# 
  1127  0005                     	;# 
  1128  0006                     	;# 
  1129  0007                     	;# 
  1130  0008                     	;# 
  1131  0009                     	;# 
  1132  000A                     	;# 
  1133  000B                     	;# 
  1134  000C                     	;# 
  1135  000D                     	;# 
  1136  000E                     	;# 
  1137  000F                     	;# 
  1138  0010                     	;# 
  1139  0011                     	;# 
  1140  0012                     	;# 
  1141  0013                     	;# 
  1142  0015                     	;# 
  1143  0016                     	;# 
  1144  0016                     	;# 
  1145  0017                     	;# 
  1146  0018                     	;# 
  1147  0019                     	;# 
  1148  001A                     	;# 
  1149  001B                     	;# 
  1150  001C                     	;# 
  1151  001E                     	;# 
  1152  001F                     	;# 
  1153  008C                     	;# 
  1154  008D                     	;# 
  1155  008E                     	;# 
  1156  008F                     	;# 
  1157  0090                     	;# 
  1158  0091                     	;# 
  1159  0092                     	;# 
  1160  0093                     	;# 
  1161  0095                     	;# 
  1162  0096                     	;# 
  1163  0097                     	;# 
  1164  0098                     	;# 
  1165  0099                     	;# 
  1166  009A                     	;# 
  1167  009B                     	;# 
  1168  009B                     	;# 
  1169  009C                     	;# 
  1170  009D                     	;# 
  1171  009E                     	;# 
  1172  010C                     	;# 
  1173  010D                     	;# 
  1174  010E                     	;# 
  1175  010F                     	;# 
  1176  0110                     	;# 
  1177  0111                     	;# 
  1178  0112                     	;# 
  1179  0113                     	;# 
  1180  0114                     	;# 
  1181  0115                     	;# 
  1182  0116                     	;# 
  1183  0117                     	;# 
  1184  0118                     	;# 
  1185  0119                     	;# 
  1186  011A                     	;# 
  1187  011B                     	;# 
  1188  011D                     	;# 
  1189  018C                     	;# 
  1190  018D                     	;# 
  1191  018F                     	;# 
  1192  0190                     	;# 
  1193  0191                     	;# 
  1194  0191                     	;# 
  1195  0192                     	;# 
  1196  0193                     	;# 
  1197  0193                     	;# 
  1198  0193                     	;# 
  1199  0194                     	;# 
  1200  0195                     	;# 
  1201  0196                     	;# 
  1202  0199                     	;# 
  1203  019A                     	;# 
  1204  019B                     	;# 
  1205  019B                     	;# 
  1206  019B                     	;# 
  1207  019B                     	;# 
  1208  019C                     	;# 
  1209  019C                     	;# 
  1210  019D                     	;# 
  1211  019E                     	;# 
  1212  019F                     	;# 
  1213  020D                     	;# 
  1214  0210                     	;# 
  1215  0211                     	;# 
  1216  0212                     	;# 
  1217  0213                     	;# 
  1218  0214                     	;# 
  1219  0215                     	;# 
  1220  0215                     	;# 
  1221  0216                     	;# 
  1222  0217                     	;# 
  1223  0291                     	;# 
  1224  0291                     	;# 
  1225  0292                     	;# 
  1226  0293                     	;# 
  1227  0294                     	;# 
  1228  0295                     	;# 
  1229  0295                     	;# 
  1230  0296                     	;# 
  1231  0298                     	;# 
  1232  0298                     	;# 
  1233  0299                     	;# 
  1234  029A                     	;# 
  1235  029B                     	;# 
  1236  029C                     	;# 
  1237  029C                     	;# 
  1238  029D                     	;# 
  1239  029E                     	;# 
  1240  029F                     	;# 
  1241  0311                     	;# 
  1242  0311                     	;# 
  1243  0312                     	;# 
  1244  0313                     	;# 
  1245  0314                     	;# 
  1246  0315                     	;# 
  1247  0315                     	;# 
  1248  0316                     	;# 
  1249  0318                     	;# 
  1250  0318                     	;# 
  1251  0319                     	;# 
  1252  031A                     	;# 
  1253  031C                     	;# 
  1254  031C                     	;# 
  1255  031D                     	;# 
  1256  031E                     	;# 
  1257  0394                     	;# 
  1258  0395                     	;# 
  1259  0396                     	;# 
  1260  0415                     	;# 
  1261  0416                     	;# 
  1262  0417                     	;# 
  1263  041C                     	;# 
  1264  041D                     	;# 
  1265  041E                     	;# 
  1266  0791                     	;# 
  1267  0792                     	;# 
  1268  0793                     	;# 
  1269  0794                     	;# 
  1270  0795                     	;# 
  1271  0798                     	;# 
  1272  0799                     	;# 
  1273  079A                     	;# 
  1274  07A0                     	;# 
  1275  07A1                     	;# 
  1276  07A2                     	;# 
  1277  07A3                     	;# 
  1278  07A4                     	;# 
  1279  07A5                     	;# 
  1280  07A6                     	;# 
  1281  07A7                     	;# 
  1282  07A8                     	;# 
  1283  07A9                     	;# 
  1284  07AA                     	;# 
  1285  07AB                     	;# 
  1286  0FE4                     	;# 
  1287  0FE5                     	;# 
  1288  0FE6                     	;# 
  1289  0FE7                     	;# 
  1290  0FE8                     	;# 
  1291  0FE9                     	;# 
  1292  0FEA                     	;# 
  1293  0FEB                     	;# 
  1294  0FED                     	;# 
  1295  0FEE                     	;# 
  1296  0FEF                     	;# 
  1297  0000                     	;# 
  1298  0001                     	;# 
  1299  0002                     	;# 
  1300  0003                     	;# 
  1301  0004                     	;# 
  1302  0005                     	;# 
  1303  0006                     	;# 
  1304  0007                     	;# 
  1305  0008                     	;# 
  1306  0009                     	;# 
  1307  000A                     	;# 
  1308  000B                     	;# 
  1309  000C                     	;# 
  1310  000D                     	;# 
  1311  000E                     	;# 
  1312  000F                     	;# 
  1313  0010                     	;# 
  1314  0011                     	;# 
  1315  0012                     	;# 
  1316  0013                     	;# 
  1317  0015                     	;# 
  1318  0016                     	;# 
  1319  0016                     	;# 
  1320  0017                     	;# 
  1321  0018                     	;# 
  1322  0019                     	;# 
  1323  001A                     	;# 
  1324  001B                     	;# 
  1325  001C                     	;# 
  1326  001E                     	;# 
  1327  001F                     	;# 
  1328  008C                     	;# 
  1329  008D                     	;# 
  1330  008E                     	;# 
  1331  008F                     	;# 
  1332  0090                     	;# 
  1333  0091                     	;# 
  1334  0092                     	;# 
  1335  0093                     	;# 
  1336  0095                     	;# 
  1337  0096                     	;# 
  1338  0097                     	;# 
  1339  0098                     	;# 
  1340  0099                     	;# 
  1341  009A                     	;# 
  1342  009B                     	;# 
  1343  009B                     	;# 
  1344  009C                     	;# 
  1345  009D                     	;# 
  1346  009E                     	;# 
  1347  010C                     	;# 
  1348  010D                     	;# 
  1349  010E                     	;# 
  1350  010F                     	;# 
  1351  0110                     	;# 
  1352  0111                     	;# 
  1353  0112                     	;# 
  1354  0113                     	;# 
  1355  0114                     	;# 
  1356  0115                     	;# 
  1357  0116                     	;# 
  1358  0117                     	;# 
  1359  0118                     	;# 
  1360  0119                     	;# 
  1361  011A                     	;# 
  1362  011B                     	;# 
  1363  011D                     	;# 
  1364  018C                     	;# 
  1365  018D                     	;# 
  1366  018F                     	;# 
  1367  0190                     	;# 
  1368  0191                     	;# 
  1369  0191                     	;# 
  1370  0192                     	;# 
  1371  0193                     	;# 
  1372  0193                     	;# 
  1373  0193                     	;# 
  1374  0194                     	;# 
  1375  0195                     	;# 
  1376  0196                     	;# 
  1377  0199                     	;# 
  1378  019A                     	;# 
  1379  019B                     	;# 
  1380  019B                     	;# 
  1381  019B                     	;# 
  1382  019B                     	;# 
  1383  019C                     	;# 
  1384  019C                     	;# 
  1385  019D                     	;# 
  1386  019E                     	;# 
  1387  019F                     	;# 
  1388  020D                     	;# 
  1389  0210                     	;# 
  1390  0211                     	;# 
  1391  0212                     	;# 
  1392  0213                     	;# 
  1393  0214                     	;# 
  1394  0215                     	;# 
  1395  0215                     	;# 
  1396  0216                     	;# 
  1397  0217                     	;# 
  1398  0291                     	;# 
  1399  0291                     	;# 
  1400  0292                     	;# 
  1401  0293                     	;# 
  1402  0294                     	;# 
  1403  0295                     	;# 
  1404  0295                     	;# 
  1405  0296                     	;# 
  1406  0298                     	;# 
  1407  0298                     	;# 
  1408  0299                     	;# 
  1409  029A                     	;# 
  1410  029B                     	;# 
  1411  029C                     	;# 
  1412  029C                     	;# 
  1413  029D                     	;# 
  1414  029E                     	;# 
  1415  029F                     	;# 
  1416  0311                     	;# 
  1417  0311                     	;# 
  1418  0312                     	;# 
  1419  0313                     	;# 
  1420  0314                     	;# 
  1421  0315                     	;# 
  1422  0315                     	;# 
  1423  0316                     	;# 
  1424  0318                     	;# 
  1425  0318                     	;# 
  1426  0319                     	;# 
  1427  031A                     	;# 
  1428  031C                     	;# 
  1429  031C                     	;# 
  1430  031D                     	;# 
  1431  031E                     	;# 
  1432  0394                     	;# 
  1433  0395                     	;# 
  1434  0396                     	;# 
  1435  0415                     	;# 
  1436  0416                     	;# 
  1437  0417                     	;# 
  1438  041C                     	;# 
  1439  041D                     	;# 
  1440  041E                     	;# 
  1441  0791                     	;# 
  1442  0792                     	;# 
  1443  0793                     	;# 
  1444  0794                     	;# 
  1445  0795                     	;# 
  1446  0798                     	;# 
  1447  0799                     	;# 
  1448  079A                     	;# 
  1449  07A0                     	;# 
  1450  07A1                     	;# 
  1451  07A2                     	;# 
  1452  07A3                     	;# 
  1453  07A4                     	;# 
  1454  07A5                     	;# 
  1455  07A6                     	;# 
  1456  07A7                     	;# 
  1457  07A8                     	;# 
  1458  07A9                     	;# 
  1459  07AA                     	;# 
  1460  07AB                     	;# 
  1461  0FE4                     	;# 
  1462  0FE5                     	;# 
  1463  0FE6                     	;# 
  1464  0FE7                     	;# 
  1465  0FE8                     	;# 
  1466  0FE9                     	;# 
  1467  0FEA                     	;# 
  1468  0FEB                     	;# 
  1469  0FED                     	;# 
  1470  0FEE                     	;# 
  1471  0FEF                     	;# 
  1472  0000                     	;# 
  1473  0001                     	;# 
  1474  0002                     	;# 
  1475  0003                     	;# 
  1476  0004                     	;# 
  1477  0005                     	;# 
  1478  0006                     	;# 
  1479  0007                     	;# 
  1480  0008                     	;# 
  1481  0009                     	;# 
  1482  000A                     	;# 
  1483  000B                     	;# 
  1484  000C                     	;# 
  1485  000D                     	;# 
  1486  000E                     	;# 
  1487  000F                     	;# 
  1488  0010                     	;# 
  1489  0011                     	;# 
  1490  0012                     	;# 
  1491  0013                     	;# 
  1492  0015                     	;# 
  1493  0016                     	;# 
  1494  0016                     	;# 
  1495  0017                     	;# 
  1496  0018                     	;# 
  1497  0019                     	;# 
  1498  001A                     	;# 
  1499  001B                     	;# 
  1500  001C                     	;# 
  1501  001E                     	;# 
  1502  001F                     	;# 
  1503  008C                     	;# 
  1504  008D                     	;# 
  1505  008E                     	;# 
  1506  008F                     	;# 
  1507  0090                     	;# 
  1508  0091                     	;# 
  1509  0092                     	;# 
  1510  0093                     	;# 
  1511  0095                     	;# 
  1512  0096                     	;# 
  1513  0097                     	;# 
  1514  0098                     	;# 
  1515  0099                     	;# 
  1516  009A                     	;# 
  1517  009B                     	;# 
  1518  009B                     	;# 
  1519  009C                     	;# 
  1520  009D                     	;# 
  1521  009E                     	;# 
  1522  010C                     	;# 
  1523  010D                     	;# 
  1524  010E                     	;# 
  1525  010F                     	;# 
  1526  0110                     	;# 
  1527  0111                     	;# 
  1528  0112                     	;# 
  1529  0113                     	;# 
  1530  0114                     	;# 
  1531  0115                     	;# 
  1532  0116                     	;# 
  1533  0117                     	;# 
  1534  0118                     	;# 
  1535  0119                     	;# 
  1536  011A                     	;# 
  1537  011B                     	;# 
  1538  011D                     	;# 
  1539  018C                     	;# 
  1540  018D                     	;# 
  1541  018F                     	;# 
  1542  0190                     	;# 
  1543  0191                     	;# 
  1544  0191                     	;# 
  1545  0192                     	;# 
  1546  0193                     	;# 
  1547  0193                     	;# 
  1548  0193                     	;# 
  1549  0194                     	;# 
  1550  0195                     	;# 
  1551  0196                     	;# 
  1552  0199                     	;# 
  1553  019A                     	;# 
  1554  019B                     	;# 
  1555  019B                     	;# 
  1556  019B                     	;# 
  1557  019B                     	;# 
  1558  019C                     	;# 
  1559  019C                     	;# 
  1560  019D                     	;# 
  1561  019E                     	;# 
  1562  019F                     	;# 
  1563  020D                     	;# 
  1564  0210                     	;# 
  1565  0211                     	;# 
  1566  0212                     	;# 
  1567  0213                     	;# 
  1568  0214                     	;# 
  1569  0215                     	;# 
  1570  0215                     	;# 
  1571  0216                     	;# 
  1572  0217                     	;# 
  1573  0291                     	;# 
  1574  0291                     	;# 
  1575  0292                     	;# 
  1576  0293                     	;# 
  1577  0294                     	;# 
  1578  0295                     	;# 
  1579  0295                     	;# 
  1580  0296                     	;# 
  1581  0298                     	;# 
  1582  0298                     	;# 
  1583  0299                     	;# 
  1584  029A                     	;# 
  1585  029B                     	;# 
  1586  029C                     	;# 
  1587  029C                     	;# 
  1588  029D                     	;# 
  1589  029E                     	;# 
  1590  029F                     	;# 
  1591  0311                     	;# 
  1592  0311                     	;# 
  1593  0312                     	;# 
  1594  0313                     	;# 
  1595  0314                     	;# 
  1596  0315                     	;# 
  1597  0315                     	;# 
  1598  0316                     	;# 
  1599  0318                     	;# 
  1600  0318                     	;# 
  1601  0319                     	;# 
  1602  031A                     	;# 
  1603  031C                     	;# 
  1604  031C                     	;# 
  1605  031D                     	;# 
  1606  031E                     	;# 
  1607  0394                     	;# 
  1608  0395                     	;# 
  1609  0396                     	;# 
  1610  0415                     	;# 
  1611  0416                     	;# 
  1612  0417                     	;# 
  1613  041C                     	;# 
  1614  041D                     	;# 
  1615  041E                     	;# 
  1616  0791                     	;# 
  1617  0792                     	;# 
  1618  0793                     	;# 
  1619  0794                     	;# 
  1620  0795                     	;# 
  1621  0798                     	;# 
  1622  0799                     	;# 
  1623  079A                     	;# 
  1624  07A0                     	;# 
  1625  07A1                     	;# 
  1626  07A2                     	;# 
  1627  07A3                     	;# 
  1628  07A4                     	;# 
  1629  07A5                     	;# 
  1630  07A6                     	;# 
  1631  07A7                     	;# 
  1632  07A8                     	;# 
  1633  07A9                     	;# 
  1634  07AA                     	;# 
  1635  07AB                     	;# 
  1636  0FE4                     	;# 
  1637  0FE5                     	;# 
  1638  0FE6                     	;# 
  1639  0FE7                     	;# 
  1640  0FE8                     	;# 
  1641  0FE9                     	;# 
  1642  0FEA                     	;# 
  1643  0FEB                     	;# 
  1644  0FED                     	;# 
  1645  0FEE                     	;# 
  1646  0FEF                     	;# 
  1647  0000                     	;# 
  1648  0001                     	;# 
  1649  0002                     	;# 
  1650  0003                     	;# 
  1651  0004                     	;# 
  1652  0005                     	;# 
  1653  0006                     	;# 
  1654  0007                     	;# 
  1655  0008                     	;# 
  1656  0009                     	;# 
  1657  000A                     	;# 
  1658  000B                     	;# 
  1659  000C                     	;# 
  1660  000D                     	;# 
  1661  000E                     	;# 
  1662  000F                     	;# 
  1663  0010                     	;# 
  1664  0011                     	;# 
  1665  0012                     	;# 
  1666  0013                     	;# 
  1667  0015                     	;# 
  1668  0016                     	;# 
  1669  0016                     	;# 
  1670  0017                     	;# 
  1671  0018                     	;# 
  1672  0019                     	;# 
  1673  001A                     	;# 
  1674  001B                     	;# 
  1675  001C                     	;# 
  1676  001E                     	;# 
  1677  001F                     	;# 
  1678  008C                     	;# 
  1679  008D                     	;# 
  1680  008E                     	;# 
  1681  008F                     	;# 
  1682  0090                     	;# 
  1683  0091                     	;# 
  1684  0092                     	;# 
  1685  0093                     	;# 
  1686  0095                     	;# 
  1687  0096                     	;# 
  1688  0097                     	;# 
  1689  0098                     	;# 
  1690  0099                     	;# 
  1691  009A                     	;# 
  1692  009B                     	;# 
  1693  009B                     	;# 
  1694  009C                     	;# 
  1695  009D                     	;# 
  1696  009E                     	;# 
  1697  010C                     	;# 
  1698  010D                     	;# 
  1699  010E                     	;# 
  1700  010F                     	;# 
  1701  0110                     	;# 
  1702  0111                     	;# 
  1703  0112                     	;# 
  1704  0113                     	;# 
  1705  0114                     	;# 
  1706  0115                     	;# 
  1707  0116                     	;# 
  1708  0117                     	;# 
  1709  0118                     	;# 
  1710  0119                     	;# 
  1711  011A                     	;# 
  1712  011B                     	;# 
  1713  011D                     	;# 
  1714  018C                     	;# 
  1715  018D                     	;# 
  1716  018F                     	;# 
  1717  0190                     	;# 
  1718  0191                     	;# 
  1719  0191                     	;# 
  1720  0192                     	;# 
  1721  0193                     	;# 
  1722  0193                     	;# 
  1723  0193                     	;# 
  1724  0194                     	;# 
  1725  0195                     	;# 
  1726  0196                     	;# 
  1727  0199                     	;# 
  1728  019A                     	;# 
  1729  019B                     	;# 
  1730  019B                     	;# 
  1731  019B                     	;# 
  1732  019B                     	;# 
  1733  019C                     	;# 
  1734  019C                     	;# 
  1735  019D                     	;# 
  1736  019E                     	;# 
  1737  019F                     	;# 
  1738  020D                     	;# 
  1739  0210                     	;# 
  1740  0211                     	;# 
  1741  0212                     	;# 
  1742  0213                     	;# 
  1743  0214                     	;# 
  1744  0215                     	;# 
  1745  0215                     	;# 
  1746  0216                     	;# 
  1747  0217                     	;# 
  1748  0291                     	;# 
  1749  0291                     	;# 
  1750  0292                     	;# 
  1751  0293                     	;# 
  1752  0294                     	;# 
  1753  0295                     	;# 
  1754  0295                     	;# 
  1755  0296                     	;# 
  1756  0298                     	;# 
  1757  0298                     	;# 
  1758  0299                     	;# 
  1759  029A                     	;# 
  1760  029B                     	;# 
  1761  029C                     	;# 
  1762  029C                     	;# 
  1763  029D                     	;# 
  1764  029E                     	;# 
  1765  029F                     	;# 
  1766  0311                     	;# 
  1767  0311                     	;# 
  1768  0312                     	;# 
  1769  0313                     	;# 
  1770  0314                     	;# 
  1771  0315                     	;# 
  1772  0315                     	;# 
  1773  0316                     	;# 
  1774  0318                     	;# 
  1775  0318                     	;# 
  1776  0319                     	;# 
  1777  031A                     	;# 
  1778  031C                     	;# 
  1779  031C                     	;# 
  1780  031D                     	;# 
  1781  031E                     	;# 
  1782  0394                     	;# 
  1783  0395                     	;# 
  1784  0396                     	;# 
  1785  0415                     	;# 
  1786  0416                     	;# 
  1787  0417                     	;# 
  1788  041C                     	;# 
  1789  041D                     	;# 
  1790  041E                     	;# 
  1791  0791                     	;# 
  1792  0792                     	;# 
  1793  0793                     	;# 
  1794  0794                     	;# 
  1795  0795                     	;# 
  1796  0798                     	;# 
  1797  0799                     	;# 
  1798  079A                     	;# 
  1799  07A0                     	;# 
  1800  07A1                     	;# 
  1801  07A2                     	;# 
  1802  07A3                     	;# 
  1803  07A4                     	;# 
  1804  07A5                     	;# 
  1805  07A6                     	;# 
  1806  07A7                     	;# 
  1807  07A8                     	;# 
  1808  07A9                     	;# 
  1809  07AA                     	;# 
  1810  07AB                     	;# 
  1811  0FE4                     	;# 
  1812  0FE5                     	;# 
  1813  0FE6                     	;# 
  1814  0FE7                     	;# 
  1815  0FE8                     	;# 
  1816  0FE9                     	;# 
  1817  0FEA                     	;# 
  1818  0FEB                     	;# 
  1819  0FED                     	;# 
  1820  0FEE                     	;# 
  1821  0FEF                     	;# 
  1822  0000                     	;# 
  1823  0001                     	;# 
  1824  0002                     	;# 
  1825  0003                     	;# 
  1826  0004                     	;# 
  1827  0005                     	;# 
  1828  0006                     	;# 
  1829  0007                     	;# 
  1830  0008                     	;# 
  1831  0009                     	;# 
  1832  000A                     	;# 
  1833  000B                     	;# 
  1834  000C                     	;# 
  1835  000D                     	;# 
  1836  000E                     	;# 
  1837  000F                     	;# 
  1838  0010                     	;# 
  1839  0011                     	;# 
  1840  0012                     	;# 
  1841  0013                     	;# 
  1842  0015                     	;# 
  1843  0016                     	;# 
  1844  0016                     	;# 
  1845  0017                     	;# 
  1846  0018                     	;# 
  1847  0019                     	;# 
  1848  001A                     	;# 
  1849  001B                     	;# 
  1850  001C                     	;# 
  1851  001E                     	;# 
  1852  001F                     	;# 
  1853  008C                     	;# 
  1854  008D                     	;# 
  1855  008E                     	;# 
  1856  008F                     	;# 
  1857  0090                     	;# 
  1858  0091                     	;# 
  1859  0092                     	;# 
  1860  0093                     	;# 
  1861  0095                     	;# 
  1862  0096                     	;# 
  1863  0097                     	;# 
  1864  0098                     	;# 
  1865  0099                     	;# 
  1866  009A                     	;# 
  1867  009B                     	;# 
  1868  009B                     	;# 
  1869  009C                     	;# 
  1870  009D                     	;# 
  1871  009E                     	;# 
  1872  010C                     	;# 
  1873  010D                     	;# 
  1874  010E                     	;# 
  1875  010F                     	;# 
  1876  0110                     	;# 
  1877  0111                     	;# 
  1878  0112                     	;# 
  1879  0113                     	;# 
  1880  0114                     	;# 
  1881  0115                     	;# 
  1882  0116                     	;# 
  1883  0117                     	;# 
  1884  0118                     	;# 
  1885  0119                     	;# 
  1886  011A                     	;# 
  1887  011B                     	;# 
  1888  011D                     	;# 
  1889  018C                     	;# 
  1890  018D                     	;# 
  1891  018F                     	;# 
  1892  0190                     	;# 
  1893  0191                     	;# 
  1894  0191                     	;# 
  1895  0192                     	;# 
  1896  0193                     	;# 
  1897  0193                     	;# 
  1898  0193                     	;# 
  1899  0194                     	;# 
  1900  0195                     	;# 
  1901  0196                     	;# 
  1902  0199                     	;# 
  1903  019A                     	;# 
  1904  019B                     	;# 
  1905  019B                     	;# 
  1906  019B                     	;# 
  1907  019B                     	;# 
  1908  019C                     	;# 
  1909  019C                     	;# 
  1910  019D                     	;# 
  1911  019E                     	;# 
  1912  019F                     	;# 
  1913  020D                     	;# 
  1914  0210                     	;# 
  1915  0211                     	;# 
  1916  0212                     	;# 
  1917  0213                     	;# 
  1918  0214                     	;# 
  1919  0215                     	;# 
  1920  0215                     	;# 
  1921  0216                     	;# 
  1922  0217                     	;# 
  1923  0291                     	;# 
  1924  0291                     	;# 
  1925  0292                     	;# 
  1926  0293                     	;# 
  1927  0294                     	;# 
  1928  0295                     	;# 
  1929  0295                     	;# 
  1930  0296                     	;# 
  1931  0298                     	;# 
  1932  0298                     	;# 
  1933  0299                     	;# 
  1934  029A                     	;# 
  1935  029B                     	;# 
  1936  029C                     	;# 
  1937  029C                     	;# 
  1938  029D                     	;# 
  1939  029E                     	;# 
  1940  029F                     	;# 
  1941  0311                     	;# 
  1942  0311                     	;# 
  1943  0312                     	;# 
  1944  0313                     	;# 
  1945  0314                     	;# 
  1946  0315                     	;# 
  1947  0315                     	;# 
  1948  0316                     	;# 
  1949  0318                     	;# 
  1950  0318                     	;# 
  1951  0319                     	;# 
  1952  031A                     	;# 
  1953  031C                     	;# 
  1954  031C                     	;# 
  1955  031D                     	;# 
  1956  031E                     	;# 
  1957  0394                     	;# 
  1958  0395                     	;# 
  1959  0396                     	;# 
  1960  0415                     	;# 
  1961  0416                     	;# 
  1962  0417                     	;# 
  1963  041C                     	;# 
  1964  041D                     	;# 
  1965  041E                     	;# 
  1966  0791                     	;# 
  1967  0792                     	;# 
  1968  0793                     	;# 
  1969  0794                     	;# 
  1970  0795                     	;# 
  1971  0798                     	;# 
  1972  0799                     	;# 
  1973  079A                     	;# 
  1974  07A0                     	;# 
  1975  07A1                     	;# 
  1976  07A2                     	;# 
  1977  07A3                     	;# 
  1978  07A4                     	;# 
  1979  07A5                     	;# 
  1980  07A6                     	;# 
  1981  07A7                     	;# 
  1982  07A8                     	;# 
  1983  07A9                     	;# 
  1984  07AA                     	;# 
  1985  07AB                     	;# 
  1986  0FE4                     	;# 
  1987  0FE5                     	;# 
  1988  0FE6                     	;# 
  1989  0FE7                     	;# 
  1990  0FE8                     	;# 
  1991  0FE9                     	;# 
  1992  0FEA                     	;# 
  1993  0FEB                     	;# 
  1994  0FED                     	;# 
  1995  0FEE                     	;# 
  1996  0FEF                     	;# 
  1997                           
  1998 ;; Function _rd1RegCompleteHandler is unused but had its address taken
  1999  0000                     
  2000 ;; Function _rd2RegCompleteHandler is unused but had its address taken
  2001  0000                     
  2002 ;; Function _wr1RegCompleteHandler is unused but had its address taken
  2003  0000                     
  2004 ;; Function _wr2RegCompleteHandler is unused but had its address taken
  2005  0000                     
  2006 ;; Function _rdBlkRegCompleteHandler is unused but had its address taken
  2007  0000                     
  2008 ;; Function _I2C_DO_IDLE is unused but had its address taken
  2009  0000                     
  2010 ;; Function _I2C_DO_SEND_ADR_READ is unused but had its address taken
  2011  0000                     
  2012 ;; Function _I2C_DO_SEND_ADR_WRITE is unused but had its address taken
  2013  0000                     
  2014 ;; Function _I2C_DO_TX is unused but had its address taken
  2015  0000                     
  2016 ;; Function _I2C_DO_RX is unused but had its address taken
  2017  0000                     
  2018 ;; Function _I2C_DO_RCEN is unused but had its address taken
  2019  0000                     
  2020 ;; Function _I2C_DO_TX_EMPTY is unused but had its address taken
  2021  0000                     
  2022 ;; Function _I2C_DO_SEND_RESTART_READ is unused but had its address taken
  2023  0000                     
  2024 ;; Function _I2C_DO_SEND_RESTART_WRITE is unused but had its address taken
  2025  0000                     
  2026 ;; Function _I2C_DO_SEND_RESTART is unused but had its address taken
  2027  0000                     
  2028 ;; Function _I2C_DO_SEND_STOP is unused but had its address taken
  2029  0000                     
  2030 ;; Function _I2C_DO_RX_ACK is unused but had its address taken
  2031  0000                     
  2032 ;; Function _I2C_DO_RX_NACK_STOP is unused but had its address taken
  2033  0000                     
  2034 ;; Function _I2C_DO_RX_NACK_RESTART is unused but had its address taken
  2035  0000                     
  2036 ;; Function _I2C_DO_RESET is unused but had its address taken
  2037  0000                     
  2038 ;; Function _I2C_DO_ADDRESS_NACK is unused but had its address taken
  2039  0000                     
  2040 ;; Function _I2C_CallbackReturnStop is unused but had its address taken
  2041  0000                     
  2042 ;; Function _I2C_CallbackReturnReset is unused but had its address taken
  2043  0000                     
  2044                           	psect	stringtext1
  2045  0162                     __pstringtext1:
  2046  0162                     _i2c_fsmStateTable:
  2047  0162  3400               	retlw	0
  2048  0163  3400               	retlw	0
  2049  0164  3400               	retlw	0
  2050  0165  3400               	retlw	0
  2051  0166  3400               	retlw	0
  2052  0167  3400               	retlw	0
  2053  0168  3400               	retlw	0
  2054  0169  3400               	retlw	0
  2055  016A  3400               	retlw	0
  2056  016B  3400               	retlw	0
  2057  016C  3400               	retlw	0
  2058  016D  3400               	retlw	0
  2059  016E  3400               	retlw	0
  2060  016F  3400               	retlw	0
  2061  0170  3400               	retlw	0
  2062  0171  3400               	retlw	0
  2063  0172  3400               	retlw	0
  2064  0173  3400               	retlw	0
  2065  0174  3400               	retlw	0
  2066  0175  3400               	retlw	0
  2067  0176  3400               	retlw	0
  2068  0177  3400               	retlw	0
  2069  0178  3400               	retlw	0
  2070  0179  3400               	retlw	0
  2071  017A  3400               	retlw	0
  2072  017B  3400               	retlw	0
  2073  017C  3400               	retlw	0
  2074  017D  3400               	retlw	0
  2075  017E  3400               	retlw	0
  2076  017F  3400               	retlw	0
  2077  0180  3400               	retlw	0
  2078  0181  3400               	retlw	0
  2079  0182                     __end_of_i2c_fsmStateTable:
  2080  000D                     _PORTBbits	set	13
  2081  0019                     _T1GCONbits	set	25
  2082  0018                     _T1CONbits	set	24
  2083  0018                     _T1CON	set	24
  2084  0016                     _TMR1L	set	22
  2085  0017                     _TMR1H	set	23
  2086  0019                     _T1GCON	set	25
  2087  000B                     _INTCONbits	set	11
  2088  0011                     _PIR1bits	set	17
  2089  0012                     _PIR2bits	set	18
  2090  0091                     _PIE1bits	set	145
  2091  0097                     _WDTCON	set	151
  2092  0098                     _OSCTUNE	set	152
  2093  0099                     _OSCCON	set	153
  2094  0095                     _OPTION_REGbits	set	149
  2095  008F                     _TRISD	set	143
  2096  008E                     _TRISC	set	142
  2097  008D                     _TRISB	set	141
  2098  008C                     _TRISA	set	140
  2099  0090                     _TRISE	set	144
  2100  04D6                     _PLLR	set	1238
  2101  010D                     _LATBbits	set	269
  2102  0116                     _BORCON	set	278
  2103  011D                     _APFCON	set	285
  2104  010E                     _LATC	set	270
  2105  010D                     _LATB	set	269
  2106  010C                     _LATA	set	268
  2107  010F                     _LATD	set	271
  2108  0110                     _LATE	set	272
  2109  018C                     _ANSELA	set	396
  2110  0190                     _ANSELE	set	400
  2111  018D                     _ANSELB	set	397
  2112  018F                     _ANSELD	set	399
  2113  0214                     _SSPSTATbits	set	532
  2114  0216                     _SSPCON2bits	set	534
  2115  0211                     _SSPBUF	set	529
  2116  0215                     _SSPCON1bits	set	533
  2117  0212                     _SSPADD	set	530
  2118  0216                     _SSPCON2	set	534
  2119  0215                     _SSPCON1	set	533
  2120  0214                     _SSPSTAT	set	532
  2121  020D                     _WPUB	set	525
  2122  0210                     _WPUE	set	528
  2123                           
  2124                           	psect	cinit
  2125  0045                     start_initialization:	
  2126                           ; #config settings
  2127                           
  2128  0045                     __initialization:
  2129                           
  2130                           ; Clear objects allocated to COMMON
  2131  0045  01F9               	clrf	__pbssCOMMON& (0+127)
  2132  0046  01FA               	clrf	(__pbssCOMMON+1)& (0+127)
  2133  0047  01FB               	clrf	(__pbssCOMMON+2)& (0+127)
  2134                           
  2135                           ; Clear objects allocated to BANK0
  2136  0048  3020               	movlw	low __pbssBANK0
  2137  0049  0084               	movwf	4
  2138  004A  3000               	movlw	high __pbssBANK0
  2139  004B  0085               	movwf	5
  2140  004C  3049               	movlw	73
  2141  004D  3182  2202  3180   	fcall	clear_ram0
  2142                           
  2143                           ; Clear objects allocated to BANK1
  2144  0050  30A0               	movlw	low __pbssBANK1
  2145  0051  0084               	movwf	4
  2146  0052  3000               	movlw	high __pbssBANK1
  2147  0053  0085               	movwf	5
  2148  0054  303E               	movlw	62
  2149  0055  3182  2202  3180   	fcall	clear_ram0
  2150                           
  2151                           ; Clear objects allocated to BANK2
  2152  0058  3020               	movlw	low __pbssBANK2
  2153  0059  0084               	movwf	4
  2154  005A  3001               	movlw	high __pbssBANK2
  2155  005B  0085               	movwf	5
  2156  005C  3040               	movlw	64
  2157  005D  3182  2202  3180   	fcall	clear_ram0
  2158  0060                     end_of_initialization:	
  2159                           ;End of C runtime variable initialization code
  2160                           
  2161  0060                     __end_of__initialization:
  2162  0060  107E               	bcf	int$flags,0	;clear compiler interrupt flag (level 1)
  2163  0061  0020               	movlb	0
  2164  0062  3180  28EA         	ljmp	_main	;jump to C main() function
  2165                           
  2166                           	psect	bssCOMMON
  2167  0079                     __pbssCOMMON:
  2168  0079                     _timer1ReloadVal:
  2169  0079                     	ds	2
  2170  007B                     _FLAG:
  2171  007B                     	ds	1
  2172                           
  2173                           	psect	bssBANK0
  2174  0020                     __pbssBANK0:
  2175  0020                     _BMP180:
  2176  0020                     	ds	34
  2177  0042                     _I2C_Status:
  2178  0042                     	ds	30
  2179  0060                     read_result_BH1750@F3419:
  2180  0060                     	ds	2
  2181  0062                     _time_out_timer:
  2182  0062                     	ds	2
  2183  0064                     _TMR1_InterruptHandler:
  2184  0064                     	ds	2
  2185  0066                     _INT_InterruptHandler:
  2186  0066                     	ds	2
  2187  0068                     _status_communication:
  2188  0068                     	ds	1
  2189                           
  2190                           	psect	bssBANK1
  2191  00A0                     __pbssBANK1:
  2192  00A0                     _DATA_BMP_180:
  2193  00A0                     	ds	34
  2194  00C2                     get_calibration_data_BMP180@F3861:
  2195  00C2                     	ds	22
  2196  00D8                     get_pressure_BMP180@F3879:
  2197  00D8                     	ds	6
  2198                           
  2199                           	psect	bssBANK2
  2200  0120                     __pbssBANK2:
  2201  0120                     _COLOR_LED:
  2202  0120                     	ds	64
  2203                           
  2204                           	psect	clrtext
  2205  0202                     clear_ram0:	
  2206                           ;	Called with FSR0 containing the base address, and
  2207                           ;	WREG with the size to clear
  2208                           
  2209  0202  0064               	clrwdt	;clear the watchdog before getting into this loop
  2210  0203                     clrloop0:
  2211  0203  0180               	clrf	0	;clear RAM location pointed to by FSR
  2212  0204  3101               	addfsr 0,1
  2213  0205  0B89               	decfsz	9,f	;Have we reached the end of clearing yet?
  2214  0206  2A03               	goto	clrloop0	;have we reached the end yet?
  2215  0207  3400               	retlw	0	;all done for this memory range, return
  2216                           
  2217                           	psect	cstackCOMMON
  2218  0070                     __pcstackCOMMON:
  2219  0070                     ?_I2C_Initialize:
  2220  0070                     ?_OSCILLATOR_Initialize:	
  2221                           ; 1 bytes @ 0x0
  2222                           
  2223  0070                     ?_WDT_Initialize:	
  2224                           ; 1 bytes @ 0x0
  2225                           
  2226  0070                     ?_TMR1_Initialize:	
  2227                           ; 1 bytes @ 0x0
  2228                           
  2229  0070                     ?_EXT_INT_Initialize:	
  2230                           ; 1 bytes @ 0x0
  2231                           
  2232  0070                     ?_INT_CallBack:	
  2233                           ; 1 bytes @ 0x0
  2234                           
  2235  0070                     ??_INT_CallBack:	
  2236                           ; 1 bytes @ 0x0
  2237                           
  2238  0070                     ?_TMR1_DefaultInterruptHandler:	
  2239                           ; 1 bytes @ 0x0
  2240                           
  2241  0070                     ??_TMR1_DefaultInterruptHandler:	
  2242                           ; 1 bytes @ 0x0
  2243                           
  2244  0070                     ?_PIN_MANAGER_Initialize:	
  2245                           ; 1 bytes @ 0x0
  2246                           
  2247  0070                     ?_SYSTEM_Initialize:	
  2248                           ; 1 bytes @ 0x0
  2249                           
  2250  0070                     ?_INT_ISR:	
  2251                           ; 1 bytes @ 0x0
  2252                           
  2253  0070                     ??_INT_ISR:	
  2254                           ; 1 bytes @ 0x0
  2255                           
  2256  0070                     ?_INT_DefaultInterruptHandler:	
  2257                           ; 1 bytes @ 0x0
  2258                           
  2259  0070                     ??_INT_DefaultInterruptHandler:	
  2260                           ; 1 bytes @ 0x0
  2261                           
  2262  0070                     ?_TMR1_StartTimer:	
  2263                           ; 1 bytes @ 0x0
  2264                           
  2265  0070                     ?_TMR1_StopTimer:	
  2266                           ; 1 bytes @ 0x0
  2267                           
  2268  0070                     ??_TMR1_StopTimer:	
  2269                           ; 1 bytes @ 0x0
  2270                           
  2271  0070                     ?_TMR1_WriteTimer:	
  2272                           ; 1 bytes @ 0x0
  2273                           
  2274  0070                     ?_TMR1_ISR:	
  2275                           ; 1 bytes @ 0x0
  2276                           
  2277  0070                     ?_INTERRUPT_InterruptManager:	
  2278                           ; 1 bytes @ 0x0
  2279                           
  2280  0070                     ?_main:	
  2281                           ; 1 bytes @ 0x0
  2282                           
  2283  0070                     TMR1_WriteTimer@timerVal:	
  2284                           ; 1 bytes @ 0x0
  2285                           
  2286                           
  2287                           ; 2 bytes @ 0x0
  2288  0070                     	ds	2
  2289  0072                     ??_I2C_Initialize:
  2290  0072                     ??_OSCILLATOR_Initialize:	
  2291                           ; 1 bytes @ 0x2
  2292                           
  2293  0072                     ??_WDT_Initialize:	
  2294                           ; 1 bytes @ 0x2
  2295                           
  2296  0072                     ?_TMR1_SetInterruptHandler:	
  2297                           ; 1 bytes @ 0x2
  2298                           
  2299  0072                     ?_set_led_color:	
  2300                           ; 1 bytes @ 0x2
  2301                           
  2302  0072                     ??_PIN_MANAGER_Initialize:	
  2303                           ; 1 bytes @ 0x2
  2304                           
  2305  0072                     ?_INT_SetInterruptHandler:	
  2306                           ; 1 bytes @ 0x2
  2307                           
  2308  0072                     ??_TMR1_StartTimer:	
  2309                           ; 1 bytes @ 0x2
  2310                           
  2311  0072                     ??_TMR1_WriteTimer:	
  2312                           ; 1 bytes @ 0x2
  2313                           
  2314  0072                     ??_TMR1_ISR:	
  2315                           ; 1 bytes @ 0x2
  2316                           
  2317  0072                     ??_INTERRUPT_InterruptManager:	
  2318                           ; 1 bytes @ 0x2
  2319                           
  2320  0072                     set_led_color@red:	
  2321                           ; 1 bytes @ 0x2
  2322                           
  2323  0072                     INT_SetInterruptHandler@InterruptHandler:	
  2324                           ; 1 bytes @ 0x2
  2325                           
  2326  0072                     TMR1_SetInterruptHandler@InterruptHandler:	
  2327                           ; 2 bytes @ 0x2
  2328                           
  2329                           
  2330                           ; 2 bytes @ 0x2
  2331  0072                     	ds	1
  2332  0073                     set_led_color@green:
  2333                           
  2334                           ; 1 bytes @ 0x3
  2335  0073                     	ds	1
  2336  0074                     ??_TMR1_Initialize:
  2337  0074                     ??_EXT_INT_Initialize:	
  2338                           ; 1 bytes @ 0x4
  2339                           
  2340  0074                     ??_TMR1_SetInterruptHandler:	
  2341                           ; 1 bytes @ 0x4
  2342                           
  2343  0074                     ??_SYSTEM_Initialize:	
  2344                           ; 1 bytes @ 0x4
  2345                           
  2346  0074                     ??_INT_SetInterruptHandler:	
  2347                           ; 1 bytes @ 0x4
  2348                           
  2349  0074                     set_led_color@blue:	
  2350                           ; 1 bytes @ 0x4
  2351                           
  2352                           
  2353                           ; 1 bytes @ 0x4
  2354  0074                     	ds	1
  2355  0075                     ??_set_led_color:
  2356                           
  2357                           ; 1 bytes @ 0x5
  2358  0075                     	ds	1
  2359  0076                     ??_main:
  2360                           
  2361                           ; 1 bytes @ 0x6
  2362  0076                     	ds	3
  2363                           
  2364                           	psect	cstackBANK0
  2365  0069                     __pcstackBANK0:
  2366  0069                     set_led_color@number_led:
  2367                           
  2368                           ; 1 bytes @ 0x0
  2369  0069                     	ds	1
  2370  006A                     set_led_color@number_led_choose:
  2371                           
  2372                           ; 1 bytes @ 0x1
  2373  006A                     	ds	1
  2374  006B                     set_led_color@i:
  2375                           
  2376                           ; 1 bytes @ 0x2
  2377  006B                     	ds	1
  2378  006C                     set_led_color@i_1261:
  2379                           
  2380                           ; 1 bytes @ 0x3
  2381  006C                     	ds	1
  2382  006D                     set_led_color@i_1262:
  2383                           
  2384                           ; 1 bytes @ 0x4
  2385  006D                     	ds	1
  2386                           
  2387                           	psect	maintext
  2388  00EA                     __pmaintext:	
  2389 ;;
  2390 ;;Main: autosize = 0, tempsize = 3, incstack = 0, save=0
  2391 ;;
  2392 ;; *************** function _main *****************
  2393 ;; Defined at:
  2394 ;;		line 104 in file "main.c"
  2395 ;; Parameters:    Size  Location     Type
  2396 ;;		None
  2397 ;; Auto vars:     Size  Location     Type
  2398 ;;		None
  2399 ;; Return value:  Size  Location     Type
  2400 ;;                  1    wreg      void 
  2401 ;; Registers used:
  2402 ;;		wreg, status,2, status,0, pclath, cstack
  2403 ;; Tracked objects:
  2404 ;;		On entry : B1F/0
  2405 ;;		On exit  : 0/0
  2406 ;;		Unchanged: 0/0
  2407 ;; Data sizes:     COMMON   BANK0   BANK1   BANK2   BANK3   BANK4   BANK5   BANK6
  2408 ;;      Params:         0       0       0       0       0       0       0       0
  2409 ;;      Locals:         0       0       0       0       0       0       0       0
  2410 ;;      Temps:          3       0       0       0       0       0       0       0
  2411 ;;      Totals:         3       0       0       0       0       0       0       0
  2412 ;;Total ram usage:        3 bytes
  2413 ;; Hardware stack levels required when called: 7
  2414 ;; This function calls:
  2415 ;;		_SYSTEM_Initialize
  2416 ;;		_TMR1_StartTimer
  2417 ;;		_set_led_color
  2418 ;; This function is called by:
  2419 ;;		Startup code after reset
  2420 ;; This function uses a non-reentrant model
  2421 ;;
  2422                           
  2423  00EA                     _main:	
  2424                           ;psect for function _main
  2425                           
  2426  00EA                     l3505:	
  2427                           ;incstack = 0
  2428                           ; Regs used in _main: [wreg+status,2+status,0+pclath+cstack]
  2429                           
  2430                           
  2431                           ;main.c: 107:     SYSTEM_Initialize();
  2432  00EA  3181  21B0  3180   	fcall	_SYSTEM_Initialize
  2433  00ED                     l3507:
  2434                           
  2435                           ;main.c: 116:     (INTCONbits.PEIE = 1);
  2436  00ED  170B               	bsf	11,6	;volatile
  2437  00EE                     l3509:
  2438                           
  2439                           ;main.c: 119:     (INTCONbits.GIE = 0);
  2440  00EE  138B               	bcf	11,7	;volatile
  2441  00EF                     l3511:
  2442                           
  2443                           ;main.c: 124:     _delay((unsigned long)((100)*(32000000/4000.0)));
  2444  00EF  3005               	movlw	5
  2445  00F0  00F7               	movwf	??_main+1
  2446  00F1  300F               	movlw	15
  2447  00F2  00F6               	movwf	??_main
  2448  00F3  30F1               	movlw	241
  2449  00F4                     u2567:
  2450  00F4  0B89               	decfsz	9,f
  2451  00F5  28F4               	goto	u2567
  2452  00F6  0BF6               	decfsz	??_main,f
  2453  00F7  28F4               	goto	u2567
  2454  00F8  0BF7               	decfsz	??_main+1,f
  2455  00F9  28F4               	goto	u2567
  2456  00FA  0000               	nop
  2457  00FB                     l3513:
  2458                           
  2459                           ;main.c: 125:     LATBbits.LATB4 = 1;
  2460  00FB  0022               	movlb	2	; select bank2
  2461  00FC  160D               	bsf	13,4	;volatile
  2462  00FD                     l3515:
  2463                           
  2464                           ;main.c: 126:     (INTCONbits.GIE = 1);
  2465  00FD  178B               	bsf	11,7	;volatile
  2466  00FE                     l3517:
  2467                           
  2468                           ;main.c: 151:     {;main.c: 152:         if(PORTBbits.RB1 == 1){
  2469  00FE  0020               	movlb	0	; select bank0
  2470  00FF  1C8D               	btfss	13,1	;volatile
  2471  0100  2902               	goto	u2521
  2472  0101  2903               	goto	u2520
  2473  0102                     u2521:
  2474  0102  290A               	goto	l3525
  2475  0103                     u2520:
  2476  0103                     l3519:
  2477                           
  2478                           ;main.c: 153:             if(!FLAG.light_on){
  2479  0103  18FB               	btfsc	_FLAG,1
  2480  0104  2906               	goto	u2531
  2481  0105  2907               	goto	u2530
  2482  0106                     u2531:
  2483  0106  2908               	goto	l3523
  2484  0107                     u2530:
  2485  0107                     l3521:
  2486                           
  2487                           ;main.c: 154:                 FLAG.turn_on_light = 1;
  2488  0107  147B               	bsf	_FLAG,0
  2489  0108                     l3523:
  2490                           
  2491                           ;main.c: 156:             time_out_timer = 0;
  2492  0108  01E2               	clrf	_time_out_timer
  2493  0109  01E3               	clrf	_time_out_timer+1
  2494  010A                     l3525:
  2495                           
  2496                           ;main.c: 158:         if(FLAG.turn_on_light){
  2497  010A  1C7B               	btfss	_FLAG,0
  2498  010B  290D               	goto	u2541
  2499  010C  290E               	goto	u2540
  2500  010D                     u2541:
  2501  010D  2925               	goto	l3539
  2502  010E                     u2540:
  2503  010E                     l3527:
  2504                           
  2505                           ;main.c: 159:             (INTCONbits.GIE = 0);
  2506  010E  138B               	bcf	11,7	;volatile
  2507  010F                     l3529:
  2508                           
  2509                           ;main.c: 160:             set_led_color(16, 255, 255, 255);
  2510  010F  30FF               	movlw	255
  2511  0110  00F6               	movwf	??_main
  2512  0111  0876               	movf	??_main,w
  2513  0112  00F2               	movwf	set_led_color@red
  2514  0113  30FF               	movlw	255
  2515  0114  00F7               	movwf	??_main+1
  2516  0115  0877               	movf	??_main+1,w
  2517  0116  00F3               	movwf	set_led_color@green
  2518  0117  30FF               	movlw	255
  2519  0118  00F8               	movwf	??_main+2
  2520  0119  0878               	movf	??_main+2,w
  2521  011A  00F4               	movwf	set_led_color@blue
  2522  011B  3010               	movlw	16
  2523  011C  3180  2064  3180   	fcall	_set_led_color
  2524  011F                     l3531:
  2525                           
  2526                           ;main.c: 161:             (INTCONbits.GIE = 1);
  2527  011F  178B               	bsf	11,7	;volatile
  2528  0120                     l3533:
  2529                           
  2530                           ;main.c: 162:             FLAG.turn_on_light = 0;
  2531  0120  107B               	bcf	_FLAG,0
  2532  0121                     l3535:
  2533                           
  2534                           ;main.c: 163:             FLAG.light_on = 1;
  2535  0121  14FB               	bsf	_FLAG,1
  2536  0122                     l3537:
  2537                           
  2538                           ;main.c: 164:             TMR1_StartTimer();
  2539  0122  3182  221D  3180   	fcall	_TMR1_StartTimer
  2540  0125                     l3539:
  2541                           
  2542                           ;main.c: 166:         if(FLAG.turn_off_light){
  2543  0125  1D7B               	btfss	_FLAG,2
  2544  0126  2928               	goto	u2551
  2545  0127  2929               	goto	u2550
  2546  0128                     u2551:
  2547  0128  28FE               	goto	l3517
  2548  0129                     u2550:
  2549  0129                     l3541:
  2550                           
  2551                           ;main.c: 167:             (INTCONbits.GIE = 0);
  2552  0129  138B               	bcf	11,7	;volatile
  2553  012A                     l3543:
  2554                           
  2555                           ;main.c: 168:             set_led_color(16, 255, 255, 255);
  2556  012A  30FF               	movlw	255
  2557  012B  00F6               	movwf	??_main
  2558  012C  0876               	movf	??_main,w
  2559  012D  00F2               	movwf	set_led_color@red
  2560  012E  30FF               	movlw	255
  2561  012F  00F7               	movwf	??_main+1
  2562  0130  0877               	movf	??_main+1,w
  2563  0131  00F3               	movwf	set_led_color@green
  2564  0132  30FF               	movlw	255
  2565  0133  00F8               	movwf	??_main+2
  2566  0134  0878               	movf	??_main+2,w
  2567  0135  00F4               	movwf	set_led_color@blue
  2568  0136  3010               	movlw	16
  2569  0137  3180  2064  3180   	fcall	_set_led_color
  2570  013A                     l3545:
  2571                           
  2572                           ;main.c: 169:             (INTCONbits.GIE = 1);
  2573  013A  178B               	bsf	11,7	;volatile
  2574  013B                     l3547:
  2575                           
  2576                           ;main.c: 170:             FLAG.light_on = 0;
  2577  013B  10FB               	bcf	_FLAG,1
  2578  013C                     l3549:
  2579                           
  2580                           ;main.c: 171:             FLAG.turn_off_light = 0;
  2581  013C  117B               	bcf	_FLAG,2
  2582  013D  28FE               	goto	l3517
  2583  013E  3180  2843         	ljmp	start
  2584  0140                     __end_of_main:
  2585                           
  2586                           	psect	text1
  2587  0064                     __ptext1:	
  2588 ;; *************** function _set_led_color *****************
  2589 ;; Defined at:
  2590 ;;		line 30 in file "RGB_5050.c"
  2591 ;; Parameters:    Size  Location     Type
  2592 ;;  number_led      1    wreg     unsigned char 
  2593 ;;  red             1    2[COMMON] unsigned char 
  2594 ;;  green           1    3[COMMON] unsigned char 
  2595 ;;  blue            1    4[COMMON] unsigned char 
  2596 ;; Auto vars:     Size  Location     Type
  2597 ;;  number_led      1    0[BANK0 ] unsigned char 
  2598 ;;  i               1    4[BANK0 ] unsigned char 
  2599 ;;  i               1    3[BANK0 ] unsigned char 
  2600 ;;  i               1    2[BANK0 ] unsigned char 
  2601 ;;  number_led_c    1    1[BANK0 ] unsigned char 
  2602 ;; Return value:  Size  Location     Type
  2603 ;;                  1    wreg      void 
  2604 ;; Registers used:
  2605 ;;		wreg, status,2, status,0
  2606 ;; Tracked objects:
  2607 ;;		On entry : 0/0
  2608 ;;		On exit  : 0/0
  2609 ;;		Unchanged: 0/0
  2610 ;; Data sizes:     COMMON   BANK0   BANK1   BANK2   BANK3   BANK4   BANK5   BANK6
  2611 ;;      Params:         3       0       0       0       0       0       0       0
  2612 ;;      Locals:         0       5       0       0       0       0       0       0
  2613 ;;      Temps:          1       0       0       0       0       0       0       0
  2614 ;;      Totals:         4       5       0       0       0       0       0       0
  2615 ;;Total ram usage:        9 bytes
  2616 ;; Hardware stack levels used: 1
  2617 ;; Hardware stack levels required when called: 4
  2618 ;; This function calls:
  2619 ;;		Nothing
  2620 ;; This function is called by:
  2621 ;;		_main
  2622 ;; This function uses a non-reentrant model
  2623 ;;
  2624                           
  2625  0064                     _set_led_color:	
  2626                           ;psect for function _set_led_color
  2627                           
  2628                           
  2629                           ;incstack = 0
  2630                           ; Regs used in _set_led_color: [wreg+status,2+status,0]
  2631                           ;set_led_color@number_led stored from wreg
  2632  0064  0020               	movlb	0	; select bank0
  2633  0065  00E9               	movwf	set_led_color@number_led
  2634  0066                     l3461:
  2635                           
  2636                           ;RGB_5050.c: 32:     for(uint8_t number_led_choose = 1; number_led_choose <= number_led;
      +                           number_led_choose++){
  2637  0066  01EA               	clrf	set_led_color@number_led_choose
  2638  0067  0AEA               	incf	set_led_color@number_led_choose,f
  2639  0068  28D9               	goto	l3501
  2640  0069                     l3463:
  2641                           
  2642                           ;RGB_5050.c: 33:         for(uint8_t i = 0; i != 8; i++){
  2643  0069  01EB               	clrf	set_led_color@i
  2644  006A                     l3469:
  2645                           
  2646                           ;RGB_5050.c: 34:             if(green & (0b00000001 << i)){
  2647  006A  3001               	movlw	1
  2648  006B  00F5               	movwf	??_set_led_color
  2649  006C  0A6B               	incf	set_led_color@i,w
  2650  006D  286F               	goto	u2424
  2651  006E                     u2425:
  2652  006E  35F5               	lslf	??_set_led_color,f
  2653  006F                     u2424:
  2654  006F  0B89               	decfsz	9,f
  2655  0070  286E               	goto	u2425
  2656  0071  0875               	movf	??_set_led_color,w
  2657  0072  0573               	andwf	set_led_color@green,w
  2658  0073  1903               	btfsc	3,2
  2659  0074  2876               	goto	u2431
  2660  0075  2877               	goto	u2430
  2661  0076                     u2431:
  2662  0076  287E               	goto	l672
  2663  0077                     u2430:
  2664  0077                     l3471:
  2665                           
  2666                           ;RGB_5050.c: 35:                 LATBbits.LATB5 = 1;LATBbits.LATB5 = 1;LATBbits.LATB5 = 
      +                          1;LATBbits.LATB5 = 1;LATBbits.LATB5 = 0;
  2667  0077  0022               	movlb	2	; select bank2
  2668  0078  168D               	bsf	13,5	;volatile
  2669  0079  168D               	bsf	13,5	;volatile
  2670  007A  168D               	bsf	13,5	;volatile
  2671  007B  168D               	bsf	13,5	;volatile
  2672  007C  128D               	bcf	13,5	;volatile
  2673                           
  2674                           ;RGB_5050.c: 36:             }
  2675  007D  2882               	goto	l3473
  2676  007E                     l672:	
  2677                           ;RGB_5050.c: 37:             else{
  2678                           
  2679                           
  2680                           ;RGB_5050.c: 38:                 LATBbits.LATB5 = 1;LATBbits.LATB5 = 0;LATBbits.LATB5 = 
      +                          0;
  2681  007E  0022               	movlb	2	; select bank2
  2682  007F  168D               	bsf	13,5	;volatile
  2683  0080  128D               	bcf	13,5	;volatile
  2684  0081  128D               	bcf	13,5	;volatile
  2685  0082                     l3473:
  2686                           
  2687                           ;RGB_5050.c: 40:         }
  2688  0082  3001               	movlw	1
  2689  0083  00F5               	movwf	??_set_led_color
  2690  0084  0875               	movf	??_set_led_color,w
  2691  0085  0020               	movlb	0	; select bank0
  2692  0086  07EB               	addwf	set_led_color@i,f
  2693  0087  3008               	movlw	8
  2694  0088  066B               	xorwf	set_led_color@i,w
  2695  0089  1D03               	btfss	3,2
  2696  008A  288C               	goto	u2441
  2697  008B  288D               	goto	u2440
  2698  008C                     u2441:
  2699  008C  286A               	goto	l3469
  2700  008D                     u2440:
  2701  008D                     l3475:
  2702                           
  2703                           ;RGB_5050.c: 42:         for(uint8_t i = 0; i != 8; i++){
  2704  008D  01EC               	clrf	set_led_color@i_1261
  2705  008E                     l3481:
  2706                           
  2707                           ;RGB_5050.c: 43:             if(red & (0b00000001 << i)){
  2708  008E  3001               	movlw	1
  2709  008F  00F5               	movwf	??_set_led_color
  2710  0090  0A6C               	incf	set_led_color@i_1261,w
  2711  0091  2893               	goto	u2454
  2712  0092                     u2455:
  2713  0092  35F5               	lslf	??_set_led_color,f
  2714  0093                     u2454:
  2715  0093  0B89               	decfsz	9,f
  2716  0094  2892               	goto	u2455
  2717  0095  0875               	movf	??_set_led_color,w
  2718  0096  0572               	andwf	set_led_color@red,w
  2719  0097  1903               	btfsc	3,2
  2720  0098  289A               	goto	u2461
  2721  0099  289B               	goto	u2460
  2722  009A                     u2461:
  2723  009A  28A2               	goto	l676
  2724  009B                     u2460:
  2725  009B                     l3483:
  2726                           
  2727                           ;RGB_5050.c: 44:                 LATBbits.LATB5 = 1;LATBbits.LATB5 = 1;LATBbits.LATB5 = 
      +                          1;LATBbits.LATB5 = 1;LATBbits.LATB5 = 0;
  2728  009B  0022               	movlb	2	; select bank2
  2729  009C  168D               	bsf	13,5	;volatile
  2730  009D  168D               	bsf	13,5	;volatile
  2731  009E  168D               	bsf	13,5	;volatile
  2732  009F  168D               	bsf	13,5	;volatile
  2733  00A0  128D               	bcf	13,5	;volatile
  2734                           
  2735                           ;RGB_5050.c: 45:             }
  2736  00A1  28A6               	goto	l3485
  2737  00A2                     l676:	
  2738                           ;RGB_5050.c: 46:             else{
  2739                           
  2740                           
  2741                           ;RGB_5050.c: 47:                 LATBbits.LATB5 = 1;LATBbits.LATB5 = 0;LATBbits.LATB5 = 
      +                          0;
  2742  00A2  0022               	movlb	2	; select bank2
  2743  00A3  168D               	bsf	13,5	;volatile
  2744  00A4  128D               	bcf	13,5	;volatile
  2745  00A5  128D               	bcf	13,5	;volatile
  2746  00A6                     l3485:
  2747                           
  2748                           ;RGB_5050.c: 49:         }
  2749  00A6  3001               	movlw	1
  2750  00A7  00F5               	movwf	??_set_led_color
  2751  00A8  0875               	movf	??_set_led_color,w
  2752  00A9  0020               	movlb	0	; select bank0
  2753  00AA  07EC               	addwf	set_led_color@i_1261,f
  2754  00AB  3008               	movlw	8
  2755  00AC  066C               	xorwf	set_led_color@i_1261,w
  2756  00AD  1D03               	btfss	3,2
  2757  00AE  28B0               	goto	u2471
  2758  00AF  28B1               	goto	u2470
  2759  00B0                     u2471:
  2760  00B0  288E               	goto	l3481
  2761  00B1                     u2470:
  2762  00B1                     l3487:
  2763                           
  2764                           ;RGB_5050.c: 51:         for(uint8_t i = 0; i != 8; i++){
  2765  00B1  01ED               	clrf	set_led_color@i_1262
  2766  00B2                     l3493:
  2767                           
  2768                           ;RGB_5050.c: 52:             if(blue & (0b00000001 << i)){
  2769  00B2  3001               	movlw	1
  2770  00B3  00F5               	movwf	??_set_led_color
  2771  00B4  0A6D               	incf	set_led_color@i_1262,w
  2772  00B5  28B7               	goto	u2484
  2773  00B6                     u2485:
  2774  00B6  35F5               	lslf	??_set_led_color,f
  2775  00B7                     u2484:
  2776  00B7  0B89               	decfsz	9,f
  2777  00B8  28B6               	goto	u2485
  2778  00B9  0875               	movf	??_set_led_color,w
  2779  00BA  0574               	andwf	set_led_color@blue,w
  2780  00BB  1903               	btfsc	3,2
  2781  00BC  28BE               	goto	u2491
  2782  00BD  28BF               	goto	u2490
  2783  00BE                     u2491:
  2784  00BE  28C6               	goto	l680
  2785  00BF                     u2490:
  2786  00BF                     l3495:
  2787                           
  2788                           ;RGB_5050.c: 53:                 LATBbits.LATB5 = 1;LATBbits.LATB5 = 1;LATBbits.LATB5 = 
      +                          1;LATBbits.LATB5 = 1;LATBbits.LATB5 = 0;
  2789  00BF  0022               	movlb	2	; select bank2
  2790  00C0  168D               	bsf	13,5	;volatile
  2791  00C1  168D               	bsf	13,5	;volatile
  2792  00C2  168D               	bsf	13,5	;volatile
  2793  00C3  168D               	bsf	13,5	;volatile
  2794  00C4  128D               	bcf	13,5	;volatile
  2795                           
  2796                           ;RGB_5050.c: 54:             }
  2797  00C5  28CA               	goto	l3497
  2798  00C6                     l680:	
  2799                           ;RGB_5050.c: 55:             else{
  2800                           
  2801                           
  2802                           ;RGB_5050.c: 56:                 LATBbits.LATB5 = 1;LATBbits.LATB5 = 0;LATBbits.LATB5 = 
      +                          0;
  2803  00C6  0022               	movlb	2	; select bank2
  2804  00C7  168D               	bsf	13,5	;volatile
  2805  00C8  128D               	bcf	13,5	;volatile
  2806  00C9  128D               	bcf	13,5	;volatile
  2807  00CA                     l3497:
  2808                           
  2809                           ;RGB_5050.c: 58:         }
  2810  00CA  3001               	movlw	1
  2811  00CB  00F5               	movwf	??_set_led_color
  2812  00CC  0875               	movf	??_set_led_color,w
  2813  00CD  0020               	movlb	0	; select bank0
  2814  00CE  07ED               	addwf	set_led_color@i_1262,f
  2815  00CF  3008               	movlw	8
  2816  00D0  066D               	xorwf	set_led_color@i_1262,w
  2817  00D1  1D03               	btfss	3,2
  2818  00D2  28D4               	goto	u2501
  2819  00D3  28D5               	goto	u2500
  2820  00D4                     u2501:
  2821  00D4  28B2               	goto	l3493
  2822  00D5                     u2500:
  2823  00D5                     l3499:
  2824                           
  2825                           ;RGB_5050.c: 59:     }
  2826  00D5  3001               	movlw	1
  2827  00D6  00F5               	movwf	??_set_led_color
  2828  00D7  0875               	movf	??_set_led_color,w
  2829  00D8  07EA               	addwf	set_led_color@number_led_choose,f
  2830  00D9                     l3501:
  2831  00D9  086A               	movf	set_led_color@number_led_choose,w
  2832  00DA  0269               	subwf	set_led_color@number_led,w
  2833  00DB  1803               	skipnc
  2834  00DC  28DE               	goto	u2511
  2835  00DD  28DF               	goto	u2510
  2836  00DE                     u2511:
  2837  00DE  2869               	goto	l3463
  2838  00DF                     u2510:
  2839  00DF                     l682:
  2840                           
  2841                           ;RGB_5050.c: 60:     LATBbits.LATB5 = 1;LATBbits.LATB5 = 0;_delay((unsigned long)((200)*
      +                          (32000000/4000000.0)));
  2842  00DF  0022               	movlb	2	; select bank2
  2843  00E0  168D               	bsf	13,5	;volatile
  2844  00E1  128D               	bcf	13,5	;volatile
  2845  00E2                     l3503:
  2846  00E2  30E4               	movlw	228
  2847  00E3                     u2577:
  2848  00E3  3200               	nop2
  2849  00E4  3200               	nop2
  2850  00E5  0B89               	decfsz	9,f
  2851  00E6  28E3               	goto	u2577
  2852  00E7  3200               	nop2
  2853  00E8  3200               	nop2
  2854  00E9                     l683:
  2855  00E9  0008               	return
  2856  00EA                     __end_of_set_led_color:
  2857                           
  2858                           	psect	text2
  2859  021D                     __ptext2:	
  2860 ;; *************** function _TMR1_StartTimer *****************
  2861 ;; Defined at:
  2862 ;;		line 93 in file "mcc_generated_files/tmr1.c"
  2863 ;; Parameters:    Size  Location     Type
  2864 ;;		None
  2865 ;; Auto vars:     Size  Location     Type
  2866 ;;		None
  2867 ;; Return value:  Size  Location     Type
  2868 ;;                  1    wreg      void 
  2869 ;; Registers used:
  2870 ;;		None
  2871 ;; Tracked objects:
  2872 ;;		On entry : 0/0
  2873 ;;		On exit  : 0/0
  2874 ;;		Unchanged: 0/0
  2875 ;; Data sizes:     COMMON   BANK0   BANK1   BANK2   BANK3   BANK4   BANK5   BANK6
  2876 ;;      Params:         0       0       0       0       0       0       0       0
  2877 ;;      Locals:         0       0       0       0       0       0       0       0
  2878 ;;      Temps:          0       0       0       0       0       0       0       0
  2879 ;;      Totals:         0       0       0       0       0       0       0       0
  2880 ;;Total ram usage:        0 bytes
  2881 ;; Hardware stack levels used: 1
  2882 ;; Hardware stack levels required when called: 4
  2883 ;; This function calls:
  2884 ;;		Nothing
  2885 ;; This function is called by:
  2886 ;;		_main
  2887 ;; This function uses a non-reentrant model
  2888 ;;
  2889                           
  2890  021D                     _TMR1_StartTimer:	
  2891                           ;psect for function _TMR1_StartTimer
  2892                           
  2893  021D                     l2891:	
  2894                           ;incstack = 0
  2895                           ; Regs used in _TMR1_StartTimer: []
  2896                           
  2897                           
  2898                           ;mcc_generated_files/tmr1.c: 96:     T1CONbits.TMR1ON = 1;
  2899  021D  0020               	movlb	0	; select bank0
  2900  021E  1418               	bsf	24,0	;volatile
  2901  021F                     l569:
  2902  021F  0008               	return
  2903  0220                     __end_of_TMR1_StartTimer:
  2904                           
  2905                           	psect	text3
  2906  01B0                     __ptext3:	
  2907 ;; *************** function _SYSTEM_Initialize *****************
  2908 ;; Defined at:
  2909 ;;		line 50 in file "mcc_generated_files/mcc.c"
  2910 ;; Parameters:    Size  Location     Type
  2911 ;;		None
  2912 ;; Auto vars:     Size  Location     Type
  2913 ;;		None
  2914 ;; Return value:  Size  Location     Type
  2915 ;;                  1    wreg      void 
  2916 ;; Registers used:
  2917 ;;		wreg, status,2, status,0, pclath, cstack
  2918 ;; Tracked objects:
  2919 ;;		On entry : 0/0
  2920 ;;		On exit  : 0/0
  2921 ;;		Unchanged: 0/0
  2922 ;; Data sizes:     COMMON   BANK0   BANK1   BANK2   BANK3   BANK4   BANK5   BANK6
  2923 ;;      Params:         0       0       0       0       0       0       0       0
  2924 ;;      Locals:         0       0       0       0       0       0       0       0
  2925 ;;      Temps:          0       0       0       0       0       0       0       0
  2926 ;;      Totals:         0       0       0       0       0       0       0       0
  2927 ;;Total ram usage:        0 bytes
  2928 ;; Hardware stack levels used: 1
  2929 ;; Hardware stack levels required when called: 6
  2930 ;; This function calls:
  2931 ;;		_EXT_INT_Initialize
  2932 ;;		_I2C_Initialize
  2933 ;;		_OSCILLATOR_Initialize
  2934 ;;		_PIN_MANAGER_Initialize
  2935 ;;		_TMR1_Initialize
  2936 ;;		_WDT_Initialize
  2937 ;; This function is called by:
  2938 ;;		_main
  2939 ;; This function uses a non-reentrant model
  2940 ;;
  2941                           
  2942  01B0                     _SYSTEM_Initialize:	
  2943                           ;psect for function _SYSTEM_Initialize
  2944                           
  2945  01B0                     l2885:	
  2946                           ;incstack = 0
  2947                           ; Regs used in _SYSTEM_Initialize: [wreg+status,2+status,0+pclath+cstack]
  2948                           
  2949                           
  2950                           ;mcc_generated_files/mcc.c: 53:     I2C_Initialize();
  2951  01B0  3181  21F9  3181   	fcall	_I2C_Initialize
  2952                           
  2953                           ;mcc_generated_files/mcc.c: 54:     PIN_MANAGER_Initialize();
  2954  01B3  3181  2140  3181   	fcall	_PIN_MANAGER_Initialize
  2955                           
  2956                           ;mcc_generated_files/mcc.c: 55:     OSCILLATOR_Initialize();
  2957  01B6  3181  21E1  3181   	fcall	_OSCILLATOR_Initialize
  2958                           
  2959                           ;mcc_generated_files/mcc.c: 56:     WDT_Initialize();
  2960  01B9  3182  2219  3181   	fcall	_WDT_Initialize
  2961                           
  2962                           ;mcc_generated_files/mcc.c: 57:     TMR1_Initialize();
  2963  01BC  3181  2182  3181   	fcall	_TMR1_Initialize
  2964                           
  2965                           ;mcc_generated_files/mcc.c: 58:     EXT_INT_Initialize();
  2966  01BF  3181  21ED  3181   	fcall	_EXT_INT_Initialize
  2967  01C2                     l169:
  2968  01C2  0008               	return
  2969  01C3                     __end_of_SYSTEM_Initialize:
  2970                           
  2971                           	psect	text4
  2972  0219                     __ptext4:	
  2973 ;; *************** function _WDT_Initialize *****************
  2974 ;; Defined at:
  2975 ;;		line 75 in file "mcc_generated_files/mcc.c"
  2976 ;; Parameters:    Size  Location     Type
  2977 ;;		None
  2978 ;; Auto vars:     Size  Location     Type
  2979 ;;		None
  2980 ;; Return value:  Size  Location     Type
  2981 ;;                  1    wreg      void 
  2982 ;; Registers used:
  2983 ;;		wreg
  2984 ;; Tracked objects:
  2985 ;;		On entry : 0/0
  2986 ;;		On exit  : 0/0
  2987 ;;		Unchanged: 0/0
  2988 ;; Data sizes:     COMMON   BANK0   BANK1   BANK2   BANK3   BANK4   BANK5   BANK6
  2989 ;;      Params:         0       0       0       0       0       0       0       0
  2990 ;;      Locals:         0       0       0       0       0       0       0       0
  2991 ;;      Temps:          0       0       0       0       0       0       0       0
  2992 ;;      Totals:         0       0       0       0       0       0       0       0
  2993 ;;Total ram usage:        0 bytes
  2994 ;; Hardware stack levels used: 1
  2995 ;; Hardware stack levels required when called: 4
  2996 ;; This function calls:
  2997 ;;		Nothing
  2998 ;; This function is called by:
  2999 ;;		_SYSTEM_Initialize
  3000 ;; This function uses a non-reentrant model
  3001 ;;
  3002                           
  3003  0219                     _WDT_Initialize:	
  3004                           ;psect for function _WDT_Initialize
  3005                           
  3006  0219                     l2757:	
  3007                           ;incstack = 0
  3008                           ; Regs used in _WDT_Initialize: [wreg]
  3009                           
  3010                           
  3011                           ;mcc_generated_files/mcc.c: 78:     WDTCON = 0x16;
  3012  0219  3016               	movlw	22
  3013  021A  0021               	movlb	1	; select bank1
  3014  021B  0097               	movwf	23	;volatile
  3015  021C                     l178:
  3016  021C  0008               	return
  3017  021D                     __end_of_WDT_Initialize:
  3018                           
  3019                           	psect	text5
  3020  0182                     __ptext5:	
  3021 ;; *************** function _TMR1_Initialize *****************
  3022 ;; Defined at:
  3023 ;;		line 64 in file "mcc_generated_files/tmr1.c"
  3024 ;; Parameters:    Size  Location     Type
  3025 ;;		None
  3026 ;; Auto vars:     Size  Location     Type
  3027 ;;		None
  3028 ;; Return value:  Size  Location     Type
  3029 ;;                  1    wreg      void 
  3030 ;; Registers used:
  3031 ;;		wreg, status,2, status,0, pclath, cstack
  3032 ;; Tracked objects:
  3033 ;;		On entry : 0/0
  3034 ;;		On exit  : 0/0
  3035 ;;		Unchanged: 0/0
  3036 ;; Data sizes:     COMMON   BANK0   BANK1   BANK2   BANK3   BANK4   BANK5   BANK6
  3037 ;;      Params:         0       0       0       0       0       0       0       0
  3038 ;;      Locals:         0       0       0       0       0       0       0       0
  3039 ;;      Temps:          0       0       0       0       0       0       0       0
  3040 ;;      Totals:         0       0       0       0       0       0       0       0
  3041 ;;Total ram usage:        0 bytes
  3042 ;; Hardware stack levels used: 1
  3043 ;; Hardware stack levels required when called: 5
  3044 ;; This function calls:
  3045 ;;		_TMR1_SetInterruptHandler
  3046 ;; This function is called by:
  3047 ;;		_SYSTEM_Initialize
  3048 ;; This function uses a non-reentrant model
  3049 ;;
  3050                           
  3051  0182                     _TMR1_Initialize:	
  3052                           ;psect for function _TMR1_Initialize
  3053                           
  3054  0182                     l2759:	
  3055                           ;incstack = 0
  3056                           ; Regs used in _TMR1_Initialize: [wreg+status,2+status,0+pclath+cstack]
  3057                           
  3058                           
  3059                           ;mcc_generated_files/tmr1.c: 69:     T1GCON = 0x00;
  3060  0182  0020               	movlb	0	; select bank0
  3061  0183  0199               	clrf	25	;volatile
  3062  0184                     l2761:
  3063                           
  3064                           ;mcc_generated_files/tmr1.c: 72:     TMR1H = 0x15;
  3065  0184  3015               	movlw	21
  3066  0185  0097               	movwf	23	;volatile
  3067  0186                     l2763:
  3068                           
  3069                           ;mcc_generated_files/tmr1.c: 75:     TMR1L = 0xA0;
  3070  0186  30A0               	movlw	160
  3071  0187  0096               	movwf	22	;volatile
  3072  0188                     l2765:
  3073                           
  3074                           ;mcc_generated_files/tmr1.c: 78:     PIR1bits.TMR1IF = 0;
  3075  0188  1011               	bcf	17,0	;volatile
  3076  0189                     l2767:
  3077                           
  3078                           ;mcc_generated_files/tmr1.c: 81:     timer1ReloadVal=(uint16_t)((TMR1H << 8) | TMR1L);
  3079  0189  0817               	movf	23,w	;volatile
  3080  018A  00FA               	movwf	_timer1ReloadVal+1	;volatile
  3081  018B  0816               	movf	22,w	;volatile
  3082  018C  00F9               	movwf	_timer1ReloadVal	;volatile
  3083  018D                     l2769:
  3084                           
  3085                           ;mcc_generated_files/tmr1.c: 84:     PIE1bits.TMR1IE = 1;
  3086  018D  0021               	movlb	1	; select bank1
  3087  018E  1411               	bsf	17,0	;volatile
  3088  018F                     l2771:
  3089                           
  3090                           ;mcc_generated_files/tmr1.c: 87:     TMR1_SetInterruptHandler(TMR1_DefaultInterruptHandl
      +                          er);
  3091  018F  3023               	movlw	low _TMR1_DefaultInterruptHandler
  3092  0190  00F2               	movwf	TMR1_SetInterruptHandler@InterruptHandler
  3093  0191  3002               	movlw	high _TMR1_DefaultInterruptHandler
  3094  0192  00F3               	movwf	TMR1_SetInterruptHandler@InterruptHandler+1
  3095  0193  3182  2208  3181   	fcall	_TMR1_SetInterruptHandler
  3096  0196                     l2773:
  3097                           
  3098                           ;mcc_generated_files/tmr1.c: 90:     T1CON = 0x31;
  3099  0196  3031               	movlw	49
  3100  0197  0020               	movlb	0	; select bank0
  3101  0198  0098               	movwf	24	;volatile
  3102  0199                     l566:
  3103  0199  0008               	return
  3104  019A                     __end_of_TMR1_Initialize:
  3105                           
  3106                           	psect	text6
  3107  0208                     __ptext6:	
  3108 ;; *************** function _TMR1_SetInterruptHandler *****************
  3109 ;; Defined at:
  3110 ;;		line 171 in file "mcc_generated_files/tmr1.c"
  3111 ;; Parameters:    Size  Location     Type
  3112 ;;  InterruptHan    2    2[COMMON] PTR FTN()void 
  3113 ;;		 -> TMR1_DefaultInterruptHandler(1), 
  3114 ;; Auto vars:     Size  Location     Type
  3115 ;;		None
  3116 ;; Return value:  Size  Location     Type
  3117 ;;                  1    wreg      void 
  3118 ;; Registers used:
  3119 ;;		wreg
  3120 ;; Tracked objects:
  3121 ;;		On entry : 0/0
  3122 ;;		On exit  : 0/0
  3123 ;;		Unchanged: 0/0
  3124 ;; Data sizes:     COMMON   BANK0   BANK1   BANK2   BANK3   BANK4   BANK5   BANK6
  3125 ;;      Params:         2       0       0       0       0       0       0       0
  3126 ;;      Locals:         0       0       0       0       0       0       0       0
  3127 ;;      Temps:          0       0       0       0       0       0       0       0
  3128 ;;      Totals:         2       0       0       0       0       0       0       0
  3129 ;;Total ram usage:        2 bytes
  3130 ;; Hardware stack levels used: 1
  3131 ;; Hardware stack levels required when called: 4
  3132 ;; This function calls:
  3133 ;;		Nothing
  3134 ;; This function is called by:
  3135 ;;		_TMR1_Initialize
  3136 ;; This function uses a non-reentrant model
  3137 ;;
  3138                           
  3139  0208                     _TMR1_SetInterruptHandler:	
  3140                           ;psect for function _TMR1_SetInterruptHandler
  3141                           
  3142  0208                     l2653:	
  3143                           ;incstack = 0
  3144                           ; Regs used in _TMR1_SetInterruptHandler: [wreg]
  3145                           
  3146                           
  3147                           ;mcc_generated_files/tmr1.c: 172:     TMR1_InterruptHandler = InterruptHandler;
  3148  0208  0873               	movf	TMR1_SetInterruptHandler@InterruptHandler+1,w
  3149  0209  0020               	movlb	0	; select bank0
  3150  020A  00E5               	movwf	_TMR1_InterruptHandler+1
  3151  020B  0872               	movf	TMR1_SetInterruptHandler@InterruptHandler,w
  3152  020C  00E4               	movwf	_TMR1_InterruptHandler
  3153  020D                     l596:
  3154  020D  0008               	return
  3155  020E                     __end_of_TMR1_SetInterruptHandler:
  3156                           
  3157                           	psect	text7
  3158  0140                     __ptext7:	
  3159 ;; *************** function _PIN_MANAGER_Initialize *****************
  3160 ;; Defined at:
  3161 ;;		line 55 in file "mcc_generated_files/pin_manager.c"
  3162 ;; Parameters:    Size  Location     Type
  3163 ;;		None
  3164 ;; Auto vars:     Size  Location     Type
  3165 ;;		None
  3166 ;; Return value:  Size  Location     Type
  3167 ;;                  1    wreg      void 
  3168 ;; Registers used:
  3169 ;;		wreg, status,2
  3170 ;; Tracked objects:
  3171 ;;		On entry : 0/0
  3172 ;;		On exit  : 0/0
  3173 ;;		Unchanged: 0/0
  3174 ;; Data sizes:     COMMON   BANK0   BANK1   BANK2   BANK3   BANK4   BANK5   BANK6
  3175 ;;      Params:         0       0       0       0       0       0       0       0
  3176 ;;      Locals:         0       0       0       0       0       0       0       0
  3177 ;;      Temps:          0       0       0       0       0       0       0       0
  3178 ;;      Totals:         0       0       0       0       0       0       0       0
  3179 ;;Total ram usage:        0 bytes
  3180 ;; Hardware stack levels used: 1
  3181 ;; Hardware stack levels required when called: 4
  3182 ;; This function calls:
  3183 ;;		Nothing
  3184 ;; This function is called by:
  3185 ;;		_SYSTEM_Initialize
  3186 ;; This function uses a non-reentrant model
  3187 ;;
  3188                           
  3189  0140                     _PIN_MANAGER_Initialize:	
  3190                           ;psect for function _PIN_MANAGER_Initialize
  3191                           
  3192  0140                     l2715:	
  3193                           ;incstack = 0
  3194                           ; Regs used in _PIN_MANAGER_Initialize: [wreg+status,2]
  3195                           
  3196                           
  3197                           ;mcc_generated_files/pin_manager.c: 60:     LATE = 0x00;
  3198  0140  0022               	movlb	2	; select bank2
  3199  0141  0190               	clrf	16	;volatile
  3200                           
  3201                           ;mcc_generated_files/pin_manager.c: 61:     LATD = 0x00;
  3202  0142  018F               	clrf	15	;volatile
  3203                           
  3204                           ;mcc_generated_files/pin_manager.c: 62:     LATA = 0x00;
  3205  0143  018C               	clrf	12	;volatile
  3206                           
  3207                           ;mcc_generated_files/pin_manager.c: 63:     LATB = 0x00;
  3208  0144  018D               	clrf	13	;volatile
  3209                           
  3210                           ;mcc_generated_files/pin_manager.c: 64:     LATC = 0x00;
  3211  0145  018E               	clrf	14	;volatile
  3212  0146                     l2717:
  3213                           
  3214                           ;mcc_generated_files/pin_manager.c: 69:     TRISE = 0x0F;
  3215  0146  300F               	movlw	15
  3216  0147  0021               	movlb	1	; select bank1
  3217  0148  0090               	movwf	16	;volatile
  3218  0149                     l2719:
  3219                           
  3220                           ;mcc_generated_files/pin_manager.c: 70:     TRISA = 0xFF;
  3221  0149  30FF               	movlw	255
  3222  014A  008C               	movwf	12	;volatile
  3223  014B                     l2721:
  3224                           
  3225                           ;mcc_generated_files/pin_manager.c: 71:     TRISB = 0xCF;
  3226  014B  30CF               	movlw	207
  3227  014C  008D               	movwf	13	;volatile
  3228  014D                     l2723:
  3229                           
  3230                           ;mcc_generated_files/pin_manager.c: 72:     TRISC = 0xFF;
  3231  014D  30FF               	movlw	255
  3232  014E  008E               	movwf	14	;volatile
  3233  014F                     l2725:
  3234                           
  3235                           ;mcc_generated_files/pin_manager.c: 73:     TRISD = 0xFF;
  3236  014F  30FF               	movlw	255
  3237  0150  008F               	movwf	15	;volatile
  3238  0151                     l2727:
  3239                           
  3240                           ;mcc_generated_files/pin_manager.c: 78:     ANSELD = 0xFF;
  3241  0151  30FF               	movlw	255
  3242  0152  0023               	movlb	3	; select bank3
  3243  0153  008F               	movwf	15	;volatile
  3244  0154                     l2729:
  3245                           
  3246                           ;mcc_generated_files/pin_manager.c: 79:     ANSELB = 0x0E;
  3247  0154  300E               	movlw	14
  3248  0155  008D               	movwf	13	;volatile
  3249  0156                     l2731:
  3250                           
  3251                           ;mcc_generated_files/pin_manager.c: 80:     ANSELE = 0x07;
  3252  0156  3007               	movlw	7
  3253  0157  0090               	movwf	16	;volatile
  3254  0158                     l2733:
  3255                           
  3256                           ;mcc_generated_files/pin_manager.c: 81:     ANSELA = 0x3F;
  3257  0158  303F               	movlw	63
  3258  0159  008C               	movwf	12	;volatile
  3259  015A                     l2735:
  3260                           
  3261                           ;mcc_generated_files/pin_manager.c: 86:     WPUE = 0x00;
  3262  015A  0024               	movlb	4	; select bank4
  3263  015B  0190               	clrf	16	;volatile
  3264  015C                     l2737:
  3265                           
  3266                           ;mcc_generated_files/pin_manager.c: 87:     WPUB = 0x00;
  3267  015C  018D               	clrf	13	;volatile
  3268  015D                     l2739:
  3269                           
  3270                           ;mcc_generated_files/pin_manager.c: 88:     OPTION_REGbits.nWPUEN = 1;
  3271  015D  0021               	movlb	1	; select bank1
  3272  015E  1795               	bsf	21,7	;volatile
  3273  015F                     l2741:
  3274                           
  3275                           ;mcc_generated_files/pin_manager.c: 94:     APFCON = 0x00;
  3276  015F  0022               	movlb	2	; select bank2
  3277  0160  019D               	clrf	29	;volatile
  3278  0161                     l141:
  3279  0161  0008               	return
  3280  0162                     __end_of_PIN_MANAGER_Initialize:
  3281                           
  3282                           	psect	text8
  3283  01E1                     __ptext8:	
  3284 ;; *************** function _OSCILLATOR_Initialize *****************
  3285 ;; Defined at:
  3286 ;;		line 61 in file "mcc_generated_files/mcc.c"
  3287 ;; Parameters:    Size  Location     Type
  3288 ;;		None
  3289 ;; Auto vars:     Size  Location     Type
  3290 ;;		None
  3291 ;; Return value:  Size  Location     Type
  3292 ;;                  1    wreg      void 
  3293 ;; Registers used:
  3294 ;;		wreg, status,2
  3295 ;; Tracked objects:
  3296 ;;		On entry : 0/0
  3297 ;;		On exit  : 0/0
  3298 ;;		Unchanged: 0/0
  3299 ;; Data sizes:     COMMON   BANK0   BANK1   BANK2   BANK3   BANK4   BANK5   BANK6
  3300 ;;      Params:         0       0       0       0       0       0       0       0
  3301 ;;      Locals:         0       0       0       0       0       0       0       0
  3302 ;;      Temps:          0       0       0       0       0       0       0       0
  3303 ;;      Totals:         0       0       0       0       0       0       0       0
  3304 ;;Total ram usage:        0 bytes
  3305 ;; Hardware stack levels used: 1
  3306 ;; Hardware stack levels required when called: 4
  3307 ;; This function calls:
  3308 ;;		Nothing
  3309 ;; This function is called by:
  3310 ;;		_SYSTEM_Initialize
  3311 ;; This function uses a non-reentrant model
  3312 ;;
  3313                           
  3314  01E1                     _OSCILLATOR_Initialize:	
  3315                           ;psect for function _OSCILLATOR_Initialize
  3316                           
  3317  01E1                     l2751:	
  3318                           ;incstack = 0
  3319                           ; Regs used in _OSCILLATOR_Initialize: [wreg+status,2]
  3320                           
  3321                           
  3322                           ;mcc_generated_files/mcc.c: 64:     OSCCON = 0x70;
  3323  01E1  3070               	movlw	112
  3324  01E2  0021               	movlb	1	; select bank1
  3325  01E3  0099               	movwf	25	;volatile
  3326  01E4                     l2753:
  3327                           
  3328                           ;mcc_generated_files/mcc.c: 66:     OSCTUNE = 0x00;
  3329  01E4  0198               	clrf	24	;volatile
  3330  01E5                     l2755:
  3331                           
  3332                           ;mcc_generated_files/mcc.c: 68:     BORCON = 0x00;
  3333  01E5  0022               	movlb	2	; select bank2
  3334  01E6  0196               	clrf	22	;volatile
  3335  01E7                     l172:	
  3336                           ;mcc_generated_files/mcc.c: 71:     {;mcc_generated_files/mcc.c: 72:     }
  3337                           
  3338                           
  3339                           ;mcc_generated_files/mcc.c: 70:     while(PLLR == 0)
  3340  01E7  0021               	movlb	1	; select bank1
  3341  01E8  1F1A               	btfss	26,6	;volatile
  3342  01E9  29EB               	goto	u1101
  3343  01EA  29EC               	goto	u1100
  3344  01EB                     u1101:
  3345  01EB  29E7               	goto	l172
  3346  01EC                     u1100:
  3347  01EC                     l175:
  3348  01EC  0008               	return
  3349  01ED                     __end_of_OSCILLATOR_Initialize:
  3350                           
  3351                           	psect	text9
  3352  01F9                     __ptext9:	
  3353 ;; *************** function _I2C_Initialize *****************
  3354 ;; Defined at:
  3355 ;;		line 167 in file "mcc_generated_files/i2c_master.c"
  3356 ;; Parameters:    Size  Location     Type
  3357 ;;		None
  3358 ;; Auto vars:     Size  Location     Type
  3359 ;;		None
  3360 ;; Return value:  Size  Location     Type
  3361 ;;                  1    wreg      void 
  3362 ;; Registers used:
  3363 ;;		wreg, status,2
  3364 ;; Tracked objects:
  3365 ;;		On entry : 0/0
  3366 ;;		On exit  : 0/0
  3367 ;;		Unchanged: 0/0
  3368 ;; Data sizes:     COMMON   BANK0   BANK1   BANK2   BANK3   BANK4   BANK5   BANK6
  3369 ;;      Params:         0       0       0       0       0       0       0       0
  3370 ;;      Locals:         0       0       0       0       0       0       0       0
  3371 ;;      Temps:          0       0       0       0       0       0       0       0
  3372 ;;      Totals:         0       0       0       0       0       0       0       0
  3373 ;;Total ram usage:        0 bytes
  3374 ;; Hardware stack levels used: 1
  3375 ;; Hardware stack levels required when called: 4
  3376 ;; This function calls:
  3377 ;;		Nothing
  3378 ;; This function is called by:
  3379 ;;		_SYSTEM_Initialize
  3380 ;; This function uses a non-reentrant model
  3381 ;;
  3382                           
  3383  01F9                     _I2C_Initialize:	
  3384                           ;psect for function _I2C_Initialize
  3385                           
  3386  01F9                     l2743:	
  3387                           ;incstack = 0
  3388                           ; Regs used in _I2C_Initialize: [wreg+status,2]
  3389                           
  3390                           
  3391                           ;mcc_generated_files/i2c_master.c: 169:     SSPSTAT = 0x00;
  3392  01F9  0024               	movlb	4	; select bank4
  3393  01FA  0194               	clrf	20	;volatile
  3394  01FB                     l2745:
  3395                           
  3396                           ;mcc_generated_files/i2c_master.c: 170:     SSPCON1 = 0x08;
  3397  01FB  3008               	movlw	8
  3398  01FC  0095               	movwf	21	;volatile
  3399  01FD                     l2747:
  3400                           
  3401                           ;mcc_generated_files/i2c_master.c: 171:     SSPCON2 = 0x00;
  3402  01FD  0196               	clrf	22	;volatile
  3403                           
  3404                           ;mcc_generated_files/i2c_master.c: 172:     SSPADD = 0x13;
  3405  01FE  3013               	movlw	19
  3406  01FF  0092               	movwf	18	;volatile
  3407  0200                     l2749:
  3408                           
  3409                           ;mcc_generated_files/i2c_master.c: 173:     SSPCON1bits.SSPEN = 0;
  3410  0200  1295               	bcf	21,5	;volatile
  3411  0201                     l285:
  3412  0201  0008               	return
  3413  0202                     __end_of_I2C_Initialize:
  3414                           
  3415                           	psect	text10
  3416  01ED                     __ptext10:	
  3417 ;; *************** function _EXT_INT_Initialize *****************
  3418 ;; Defined at:
  3419 ;;		line 59 in file "mcc_generated_files/ext_int.c"
  3420 ;; Parameters:    Size  Location     Type
  3421 ;;		None
  3422 ;; Auto vars:     Size  Location     Type
  3423 ;;		None
  3424 ;; Return value:  Size  Location     Type
  3425 ;;                  1    wreg      void 
  3426 ;; Registers used:
  3427 ;;		wreg, status,2, status,0, pclath, cstack
  3428 ;; Tracked objects:
  3429 ;;		On entry : 0/0
  3430 ;;		On exit  : 0/0
  3431 ;;		Unchanged: 0/0
  3432 ;; Data sizes:     COMMON   BANK0   BANK1   BANK2   BANK3   BANK4   BANK5   BANK6
  3433 ;;      Params:         0       0       0       0       0       0       0       0
  3434 ;;      Locals:         0       0       0       0       0       0       0       0
  3435 ;;      Temps:          0       0       0       0       0       0       0       0
  3436 ;;      Totals:         0       0       0       0       0       0       0       0
  3437 ;;Total ram usage:        0 bytes
  3438 ;; Hardware stack levels used: 1
  3439 ;; Hardware stack levels required when called: 5
  3440 ;; This function calls:
  3441 ;;		_INT_SetInterruptHandler
  3442 ;; This function is called by:
  3443 ;;		_SYSTEM_Initialize
  3444 ;; This function uses a non-reentrant model
  3445 ;;
  3446                           
  3447  01ED                     _EXT_INT_Initialize:	
  3448                           ;psect for function _EXT_INT_Initialize
  3449                           
  3450  01ED                     l2775:	
  3451                           ;incstack = 0
  3452                           ; Regs used in _EXT_INT_Initialize: [wreg+status,2+status,0+pclath+cstack]
  3453                           
  3454                           
  3455                           ;mcc_generated_files/ext_int.c: 64:     (INTCONbits.INTF = 0);
  3456  01ED  108B               	bcf	11,1	;volatile
  3457                           
  3458                           ;mcc_generated_files/ext_int.c: 65:     (OPTION_REGbits.INTEDG = 1);
  3459  01EE  0021               	movlb	1	; select bank1
  3460  01EF  1715               	bsf	21,6	;volatile
  3461  01F0                     l2777:
  3462                           
  3463                           ;mcc_generated_files/ext_int.c: 67:     INT_SetInterruptHandler(INT_DefaultInterruptHand
      +                          ler);
  3464  01F0  3024               	movlw	low _INT_DefaultInterruptHandler
  3465  01F1  00F2               	movwf	INT_SetInterruptHandler@InterruptHandler
  3466  01F2  3002               	movlw	high _INT_DefaultInterruptHandler
  3467  01F3  00F3               	movwf	INT_SetInterruptHandler@InterruptHandler+1
  3468  01F4  3182  220E  3181   	fcall	_INT_SetInterruptHandler
  3469  01F7                     l2779:
  3470                           
  3471                           ;mcc_generated_files/ext_int.c: 68:     (INTCONbits.INTE = 1);
  3472  01F7  160B               	bsf	11,4	;volatile
  3473  01F8                     l539:
  3474  01F8  0008               	return
  3475  01F9                     __end_of_EXT_INT_Initialize:
  3476                           
  3477                           	psect	text11
  3478  020E                     __ptext11:	
  3479 ;; *************** function _INT_SetInterruptHandler *****************
  3480 ;; Defined at:
  3481 ;;		line 50 in file "mcc_generated_files/ext_int.c"
  3482 ;; Parameters:    Size  Location     Type
  3483 ;;  InterruptHan    2    2[COMMON] PTR FTN()void 
  3484 ;;		 -> INT_DefaultInterruptHandler(1), 
  3485 ;; Auto vars:     Size  Location     Type
  3486 ;;		None
  3487 ;; Return value:  Size  Location     Type
  3488 ;;                  1    wreg      void 
  3489 ;; Registers used:
  3490 ;;		wreg
  3491 ;; Tracked objects:
  3492 ;;		On entry : 0/0
  3493 ;;		On exit  : 0/0
  3494 ;;		Unchanged: 0/0
  3495 ;; Data sizes:     COMMON   BANK0   BANK1   BANK2   BANK3   BANK4   BANK5   BANK6
  3496 ;;      Params:         2       0       0       0       0       0       0       0
  3497 ;;      Locals:         0       0       0       0       0       0       0       0
  3498 ;;      Temps:          0       0       0       0       0       0       0       0
  3499 ;;      Totals:         2       0       0       0       0       0       0       0
  3500 ;;Total ram usage:        2 bytes
  3501 ;; Hardware stack levels used: 1
  3502 ;; Hardware stack levels required when called: 4
  3503 ;; This function calls:
  3504 ;;		Nothing
  3505 ;; This function is called by:
  3506 ;;		_EXT_INT_Initialize
  3507 ;; This function uses a non-reentrant model
  3508 ;;
  3509                           
  3510  020E                     _INT_SetInterruptHandler:	
  3511                           ;psect for function _INT_SetInterruptHandler
  3512                           
  3513  020E                     l2651:	
  3514                           ;incstack = 0
  3515                           ; Regs used in _INT_SetInterruptHandler: [wreg]
  3516                           
  3517                           
  3518                           ;mcc_generated_files/ext_int.c: 51:     INT_InterruptHandler = InterruptHandler;
  3519  020E  0873               	movf	INT_SetInterruptHandler@InterruptHandler+1,w
  3520  020F  0020               	movlb	0	; select bank0
  3521  0210  00E7               	movwf	_INT_InterruptHandler+1
  3522  0211  0872               	movf	INT_SetInterruptHandler@InterruptHandler,w
  3523  0212  00E6               	movwf	_INT_InterruptHandler
  3524  0213                     l533:
  3525  0213  0008               	return
  3526  0214                     __end_of_INT_SetInterruptHandler:
  3527                           
  3528                           	psect	intentry
  3529  0004                     __pintentry:	
  3530 ;; *************** function _INTERRUPT_InterruptManager *****************
  3531 ;; Defined at:
  3532 ;;		line 66 in file "main.c"
  3533 ;; Parameters:    Size  Location     Type
  3534 ;;		None
  3535 ;; Auto vars:     Size  Location     Type
  3536 ;;		None
  3537 ;; Return value:  Size  Location     Type
  3538 ;;                  1    wreg      void 
  3539 ;; Registers used:
  3540 ;;		wreg, status,2, status,0, pclath, cstack
  3541 ;; Tracked objects:
  3542 ;;		On entry : 0/0
  3543 ;;		On exit  : 0/0
  3544 ;;		Unchanged: 0/0
  3545 ;; Data sizes:     COMMON   BANK0   BANK1   BANK2   BANK3   BANK4   BANK5   BANK6
  3546 ;;      Params:         0       0       0       0       0       0       0       0
  3547 ;;      Locals:         0       0       0       0       0       0       0       0
  3548 ;;      Temps:          0       0       0       0       0       0       0       0
  3549 ;;      Totals:         0       0       0       0       0       0       0       0
  3550 ;;Total ram usage:        0 bytes
  3551 ;; Hardware stack levels used: 1
  3552 ;; Hardware stack levels required when called: 3
  3553 ;; This function calls:
  3554 ;;		_INT_ISR
  3555 ;;		_TMR1_ISR
  3556 ;;		_TMR1_StopTimer
  3557 ;; This function is called by:
  3558 ;;		Interrupt level 1
  3559 ;; This function uses a non-reentrant model
  3560 ;;
  3561                           
  3562  0004                     _INTERRUPT_InterruptManager:
  3563                           
  3564                           ;incstack = 0
  3565  0004  147E               	bsf	int$flags,0	;set compiler interrupt flag (level 1)
  3566                           
  3567                           ; Regs used in _INTERRUPT_InterruptManager: [wreg+status,2+status,0+pclath+cstack]
  3568  0005  3180               	pagesel	$
  3569  0006                     i1l2999:
  3570                           
  3571                           ;main.c: 69:     if(INTCONbits.INTE == 1 && INTCONbits.INTF == 1)
  3572  0006  1E0B               	btfss	11,4	;volatile
  3573  0007  2809               	goto	u139_21
  3574  0008  280A               	goto	u139_20
  3575  0009                     u139_21:
  3576  0009  281A               	goto	i1l640
  3577  000A                     u139_20:
  3578  000A                     i1l3001:
  3579  000A  1C8B               	btfss	11,1	;volatile
  3580  000B  280D               	goto	u140_21
  3581  000C  280E               	goto	u140_20
  3582  000D                     u140_21:
  3583  000D  281A               	goto	i1l640
  3584  000E                     u140_20:
  3585  000E                     i1l3003:
  3586                           
  3587                           ;main.c: 70:     {;main.c: 71:         INT_ISR();
  3588  000E  3182  2214  3180   	fcall	_INT_ISR
  3589  0011                     i1l3005:
  3590                           
  3591                           ;main.c: 72:         if(!FLAG.light_on){
  3592  0011  18FB               	btfsc	_FLAG,1
  3593  0012  2814               	goto	u141_21
  3594  0013  2815               	goto	u141_20
  3595  0014                     u141_21:
  3596  0014  2816               	goto	i1l3009
  3597  0015                     u141_20:
  3598  0015                     i1l3007:
  3599                           
  3600                           ;main.c: 73:             FLAG.turn_on_light = 1;
  3601  0015  147B               	bsf	_FLAG,0
  3602  0016                     i1l3009:
  3603                           
  3604                           ;main.c: 75:         time_out_timer = 0;
  3605  0016  0020               	movlb	0	; select bank0
  3606  0017  01E2               	clrf	_time_out_timer
  3607  0018  01E3               	clrf	_time_out_timer+1
  3608                           
  3609                           ;main.c: 76:     }
  3610  0019  2841               	goto	i1l649
  3611  001A                     i1l640:	
  3612                           ;main.c: 77:     else if(INTCONbits.PEIE == 1)
  3613                           
  3614  001A  1F0B               	btfss	11,6	;volatile
  3615  001B  281D               	goto	u142_21
  3616  001C  281E               	goto	u142_20
  3617  001D                     u142_21:
  3618  001D  2841               	goto	i1l649
  3619  001E                     u142_20:
  3620  001E                     i1l3011:
  3621                           
  3622                           ;main.c: 78:     {;main.c: 79:         if(PIE1bits.TMR1IE == 1 && PIR1bits.TMR1IF == 1)
  3623  001E  0021               	movlb	1	; select bank1
  3624  001F  1C11               	btfss	17,0	;volatile
  3625  0020  2822               	goto	u143_21
  3626  0021  2823               	goto	u143_20
  3627  0022                     u143_21:
  3628  0022  2841               	goto	i1l648
  3629  0023                     u143_20:
  3630  0023                     i1l3013:
  3631  0023  0020               	movlb	0	; select bank0
  3632  0024  1C11               	btfss	17,0	;volatile
  3633  0025  2827               	goto	u144_21
  3634  0026  2828               	goto	u144_20
  3635  0027                     u144_21:
  3636  0027  2841               	goto	i1l648
  3637  0028                     u144_20:
  3638  0028                     i1l3015:
  3639                           
  3640                           ;main.c: 80:         {;main.c: 81:             TMR1_ISR();
  3641  0028  3181  219A  3180   	fcall	_TMR1_ISR
  3642  002B                     i1l3017:
  3643                           
  3644                           ;main.c: 82:             if(time_out_timer >= 1000){
  3645  002B  3003               	movlw	3
  3646  002C  0020               	movlb	0	; select bank0
  3647  002D  0263               	subwf	_time_out_timer+1,w
  3648  002E  30E8               	movlw	232
  3649  002F  1903               	skipnz
  3650  0030  0262               	subwf	_time_out_timer,w
  3651  0031  1C03               	skipc
  3652  0032  2834               	goto	u145_21
  3653  0033  2835               	goto	u145_20
  3654  0034                     u145_21:
  3655  0034  283C               	goto	i1l3025
  3656  0035                     u145_20:
  3657  0035                     i1l3019:
  3658                           
  3659                           ;main.c: 83:                 FLAG.turn_off_light = 1;
  3660  0035  157B               	bsf	_FLAG,2
  3661  0036                     i1l3021:
  3662                           
  3663                           ;main.c: 84:                 time_out_timer = 0;
  3664  0036  01E2               	clrf	_time_out_timer
  3665  0037  01E3               	clrf	_time_out_timer+1
  3666  0038                     i1l3023:
  3667                           
  3668                           ;main.c: 85:                 TMR1_StopTimer();
  3669  0038  3182  2220  3180   	fcall	_TMR1_StopTimer
  3670                           
  3671                           ;main.c: 86:             }
  3672  003B  2841               	goto	i1l649
  3673  003C                     i1l3025:
  3674                           
  3675                           ;main.c: 88:                 time_out_timer++;
  3676  003C  3001               	movlw	1
  3677  003D  07E2               	addwf	_time_out_timer,f
  3678  003E  3000               	movlw	0
  3679  003F  3DE3               	addwfc	_time_out_timer+1,f
  3680  0040  2841               	goto	i1l649
  3681  0041                     i1l648:	
  3682                           ;main.c: 97:     {;main.c: 99:     }
  3683                           
  3684  0041                     i1l649:
  3685  0041  107E               	bcf	int$flags,0	;clear compiler interrupt flag (level 1)
  3686  0042  0009               	retfie
  3687  0043                     __end_of_INTERRUPT_InterruptManager:
  3688                           
  3689                           	psect	text13
  3690  0220                     __ptext13:	
  3691 ;; *************** function _TMR1_StopTimer *****************
  3692 ;; Defined at:
  3693 ;;		line 99 in file "mcc_generated_files/tmr1.c"
  3694 ;; Parameters:    Size  Location     Type
  3695 ;;		None
  3696 ;; Auto vars:     Size  Location     Type
  3697 ;;		None
  3698 ;; Return value:  Size  Location     Type
  3699 ;;                  1    wreg      void 
  3700 ;; Registers used:
  3701 ;;		None
  3702 ;; Tracked objects:
  3703 ;;		On entry : 0/0
  3704 ;;		On exit  : 0/0
  3705 ;;		Unchanged: 0/0
  3706 ;; Data sizes:     COMMON   BANK0   BANK1   BANK2   BANK3   BANK4   BANK5   BANK6
  3707 ;;      Params:         0       0       0       0       0       0       0       0
  3708 ;;      Locals:         0       0       0       0       0       0       0       0
  3709 ;;      Temps:          0       0       0       0       0       0       0       0
  3710 ;;      Totals:         0       0       0       0       0       0       0       0
  3711 ;;Total ram usage:        0 bytes
  3712 ;; Hardware stack levels used: 1
  3713 ;; This function calls:
  3714 ;;		Nothing
  3715 ;; This function is called by:
  3716 ;;		_INTERRUPT_InterruptManager
  3717 ;; This function uses a non-reentrant model
  3718 ;;
  3719                           
  3720  0220                     _TMR1_StopTimer:	
  3721                           ;psect for function _TMR1_StopTimer
  3722                           
  3723  0220                     i1l2893:	
  3724                           ;incstack = 0
  3725                           ; Regs used in _TMR1_StopTimer: []
  3726                           
  3727                           
  3728                           ;mcc_generated_files/tmr1.c: 102:     T1CONbits.TMR1ON = 0;
  3729  0220  0020               	movlb	0	; select bank0
  3730  0221  1018               	bcf	24,0	;volatile
  3731  0222                     i1l572:
  3732  0222  0008               	return
  3733  0223                     __end_of_TMR1_StopTimer:
  3734                           
  3735                           	psect	text14
  3736  019A                     __ptext14:	
  3737 ;; *************** function _TMR1_ISR *****************
  3738 ;; Defined at:
  3739 ;;		line 157 in file "mcc_generated_files/tmr1.c"
  3740 ;; Parameters:    Size  Location     Type
  3741 ;;		None
  3742 ;; Auto vars:     Size  Location     Type
  3743 ;;		None
  3744 ;; Return value:  Size  Location     Type
  3745 ;;                  1    wreg      void 
  3746 ;; Registers used:
  3747 ;;		wreg, status,2, status,0, pclath, cstack
  3748 ;; Tracked objects:
  3749 ;;		On entry : 0/0
  3750 ;;		On exit  : 0/0
  3751 ;;		Unchanged: 0/0
  3752 ;; Data sizes:     COMMON   BANK0   BANK1   BANK2   BANK3   BANK4   BANK5   BANK6
  3753 ;;      Params:         0       0       0       0       0       0       0       0
  3754 ;;      Locals:         0       0       0       0       0       0       0       0
  3755 ;;      Temps:          0       0       0       0       0       0       0       0
  3756 ;;      Totals:         0       0       0       0       0       0       0       0
  3757 ;;Total ram usage:        0 bytes
  3758 ;; Hardware stack levels used: 1
  3759 ;; Hardware stack levels required when called: 1
  3760 ;; This function calls:
  3761 ;;		Absolute function
  3762 ;;		_TMR1_DefaultInterruptHandler
  3763 ;;		_TMR1_WriteTimer
  3764 ;; This function is called by:
  3765 ;;		_INTERRUPT_InterruptManager
  3766 ;; This function uses a non-reentrant model
  3767 ;;
  3768                           
  3769  019A                     _TMR1_ISR:	
  3770                           ;psect for function _TMR1_ISR
  3771                           
  3772  019A                     i1l2895:	
  3773                           ;incstack = 0
  3774                           ; Regs used in _TMR1_ISR: [wreg+status,2+status,0+pclath+cstack]
  3775                           
  3776                           
  3777                           ;mcc_generated_files/tmr1.c: 161:     PIR1bits.TMR1IF = 0;
  3778  019A  0020               	movlb	0	; select bank0
  3779  019B  1011               	bcf	17,0	;volatile
  3780  019C                     i1l2897:
  3781                           
  3782                           ;mcc_generated_files/tmr1.c: 162:     TMR1_WriteTimer(timer1ReloadVal);
  3783  019C  087A               	movf	_timer1ReloadVal+1,w	;volatile
  3784  019D  00F1               	movwf	TMR1_WriteTimer@timerVal+1
  3785  019E  0879               	movf	_timer1ReloadVal,w	;volatile
  3786  019F  00F0               	movwf	TMR1_WriteTimer@timerVal
  3787  01A0  3181  21C3  3181   	fcall	_TMR1_WriteTimer
  3788  01A3                     i1l2899:
  3789                           
  3790                           ;mcc_generated_files/tmr1.c: 164:     if(TMR1_InterruptHandler)
  3791  01A3  0020               	movlb	0	; select bank0
  3792  01A4  0864               	movf	_TMR1_InterruptHandler,w
  3793  01A5  0465               	iorwf	_TMR1_InterruptHandler+1,w
  3794  01A6  1903               	btfsc	3,2
  3795  01A7  29A9               	goto	u125_21
  3796  01A8  29AA               	goto	u125_20
  3797  01A9                     u125_21:
  3798  01A9  29AF               	goto	i1l593
  3799  01AA                     u125_20:
  3800  01AA                     i1l2901:
  3801                           
  3802                           ;mcc_generated_files/tmr1.c: 165:     {;mcc_generated_files/tmr1.c: 166:         TMR1_In
      +                          terruptHandler();
  3803  01AA  0865               	movf	_TMR1_InterruptHandler+1,w
  3804  01AB  008A               	movwf	10
  3805  01AC  0864               	movf	_TMR1_InterruptHandler,w
  3806  01AD  000A               	callw
  3807  01AE  3181               	pagesel	$
  3808  01AF                     i1l593:
  3809  01AF  0008               	return
  3810  01B0                     __end_of_TMR1_ISR:
  3811                           
  3812                           	psect	text15
  3813  01C3                     __ptext15:	
  3814 ;; *************** function _TMR1_WriteTimer *****************
  3815 ;; Defined at:
  3816 ;;		line 120 in file "mcc_generated_files/tmr1.c"
  3817 ;; Parameters:    Size  Location     Type
  3818 ;;  timerVal        2    0[COMMON] unsigned short 
  3819 ;; Auto vars:     Size  Location     Type
  3820 ;;		None
  3821 ;; Return value:  Size  Location     Type
  3822 ;;                  1    wreg      void 
  3823 ;; Registers used:
  3824 ;;		wreg, status,2
  3825 ;; Tracked objects:
  3826 ;;		On entry : 0/0
  3827 ;;		On exit  : 0/0
  3828 ;;		Unchanged: 0/0
  3829 ;; Data sizes:     COMMON   BANK0   BANK1   BANK2   BANK3   BANK4   BANK5   BANK6
  3830 ;;      Params:         2       0       0       0       0       0       0       0
  3831 ;;      Locals:         0       0       0       0       0       0       0       0
  3832 ;;      Temps:          0       0       0       0       0       0       0       0
  3833 ;;      Totals:         2       0       0       0       0       0       0       0
  3834 ;;Total ram usage:        2 bytes
  3835 ;; Hardware stack levels used: 1
  3836 ;; This function calls:
  3837 ;;		Nothing
  3838 ;; This function is called by:
  3839 ;;		_TMR1_ISR
  3840 ;;		_TMR1_Reload
  3841 ;; This function uses a non-reentrant model
  3842 ;;
  3843                           
  3844  01C3                     _TMR1_WriteTimer:	
  3845                           ;psect for function _TMR1_WriteTimer
  3846                           
  3847  01C3                     i1l2785:	
  3848                           ;incstack = 0
  3849                           ; Regs used in _TMR1_WriteTimer: [wreg+status,2]
  3850                           
  3851                           
  3852                           ;mcc_generated_files/tmr1.c: 120: void TMR1_WriteTimer(uint16_t timerVal);mcc_generated_
      +                          files/tmr1.c: 121: {;mcc_generated_files/tmr1.c: 122:     if (T1CONbits.nT1SYNC == 1)
  3853  01C3  0020               	movlb	0	; select bank0
  3854  01C4  1D18               	btfss	24,2	;volatile
  3855  01C5  29C7               	goto	u112_21
  3856  01C6  29C8               	goto	u112_20
  3857  01C7                     u112_21:
  3858  01C7  29CF               	goto	i1l2795
  3859  01C8                     u112_20:
  3860  01C8                     i1l2787:
  3861                           
  3862                           ;mcc_generated_files/tmr1.c: 123:     {;mcc_generated_files/tmr1.c: 125:         T1CONbi
      +                          ts.TMR1ON = 0;
  3863  01C8  1018               	bcf	24,0	;volatile
  3864  01C9                     i1l2789:
  3865                           
  3866                           ;mcc_generated_files/tmr1.c: 128:         TMR1H = (uint8_t)(timerVal >> 8);
  3867  01C9  0871               	movf	TMR1_WriteTimer@timerVal+1,w
  3868  01CA  0097               	movwf	23	;volatile
  3869  01CB                     i1l2791:
  3870                           
  3871                           ;mcc_generated_files/tmr1.c: 129:         TMR1L = (uint8_t)timerVal;
  3872  01CB  0870               	movf	TMR1_WriteTimer@timerVal,w
  3873  01CC  0096               	movwf	22	;volatile
  3874  01CD                     i1l2793:
  3875                           
  3876                           ;mcc_generated_files/tmr1.c: 132:         T1CONbits.TMR1ON =1;
  3877  01CD  1418               	bsf	24,0	;volatile
  3878                           
  3879                           ;mcc_generated_files/tmr1.c: 133:     }
  3880  01CE  29D3               	goto	i1l580
  3881  01CF                     i1l2795:
  3882                           
  3883                           ;mcc_generated_files/tmr1.c: 135:     {;mcc_generated_files/tmr1.c: 137:         TMR1H =
      +                           (uint8_t)(timerVal >> 8);
  3884  01CF  0871               	movf	TMR1_WriteTimer@timerVal+1,w
  3885  01D0  0097               	movwf	23	;volatile
  3886  01D1                     i1l2797:
  3887                           
  3888                           ;mcc_generated_files/tmr1.c: 138:         TMR1L = (uint8_t)timerVal;
  3889  01D1  0870               	movf	TMR1_WriteTimer@timerVal,w
  3890  01D2  0096               	movwf	22	;volatile
  3891  01D3                     i1l580:
  3892  01D3  0008               	return
  3893  01D4                     __end_of_TMR1_WriteTimer:
  3894                           
  3895                           	psect	text16
  3896  0223                     __ptext16:	
  3897 ;; *************** function _TMR1_DefaultInterruptHandler *****************
  3898 ;; Defined at:
  3899 ;;		line 175 in file "mcc_generated_files/tmr1.c"
  3900 ;; Parameters:    Size  Location     Type
  3901 ;;		None
  3902 ;; Auto vars:     Size  Location     Type
  3903 ;;		None
  3904 ;; Return value:  Size  Location     Type
  3905 ;;                  1    wreg      void 
  3906 ;; Registers used:
  3907 ;;		None
  3908 ;; Tracked objects:
  3909 ;;		On entry : 0/0
  3910 ;;		On exit  : 0/0
  3911 ;;		Unchanged: 0/0
  3912 ;; Data sizes:     COMMON   BANK0   BANK1   BANK2   BANK3   BANK4   BANK5   BANK6
  3913 ;;      Params:         0       0       0       0       0       0       0       0
  3914 ;;      Locals:         0       0       0       0       0       0       0       0
  3915 ;;      Temps:          0       0       0       0       0       0       0       0
  3916 ;;      Totals:         0       0       0       0       0       0       0       0
  3917 ;;Total ram usage:        0 bytes
  3918 ;; Hardware stack levels used: 1
  3919 ;; This function calls:
  3920 ;;		Nothing
  3921 ;; This function is called by:
  3922 ;;		_TMR1_Initialize
  3923 ;;		_TMR1_ISR
  3924 ;; This function uses a non-reentrant model
  3925 ;;
  3926                           
  3927  0223                     _TMR1_DefaultInterruptHandler:	
  3928                           ;psect for function _TMR1_DefaultInterruptHandler
  3929                           
  3930  0223                     i1l599:	
  3931                           ;incstack = 0
  3932                           ; Regs used in _TMR1_DefaultInterruptHandler: []
  3933                           
  3934  0223  0008               	return
  3935  0224                     __end_of_TMR1_DefaultInterruptHandler:
  3936                           
  3937                           	psect	text17
  3938  0214                     __ptext17:	
  3939 ;; *************** function _INT_ISR *****************
  3940 ;; Defined at:
  3941 ;;		line 32 in file "mcc_generated_files/ext_int.c"
  3942 ;; Parameters:    Size  Location     Type
  3943 ;;		None
  3944 ;; Auto vars:     Size  Location     Type
  3945 ;;		None
  3946 ;; Return value:  Size  Location     Type
  3947 ;;                  1    wreg      void 
  3948 ;; Registers used:
  3949 ;;		wreg, status,2, status,0, pclath, cstack
  3950 ;; Tracked objects:
  3951 ;;		On entry : 0/0
  3952 ;;		On exit  : 0/0
  3953 ;;		Unchanged: 0/0
  3954 ;; Data sizes:     COMMON   BANK0   BANK1   BANK2   BANK3   BANK4   BANK5   BANK6
  3955 ;;      Params:         0       0       0       0       0       0       0       0
  3956 ;;      Locals:         0       0       0       0       0       0       0       0
  3957 ;;      Temps:          0       0       0       0       0       0       0       0
  3958 ;;      Totals:         0       0       0       0       0       0       0       0
  3959 ;;Total ram usage:        0 bytes
  3960 ;; Hardware stack levels used: 1
  3961 ;; Hardware stack levels required when called: 2
  3962 ;; This function calls:
  3963 ;;		_INT_CallBack
  3964 ;; This function is called by:
  3965 ;;		_INTERRUPT_InterruptManager
  3966 ;; This function uses a non-reentrant model
  3967 ;;
  3968                           
  3969  0214                     _INT_ISR:	
  3970                           ;psect for function _INT_ISR
  3971                           
  3972  0214                     i1l2887:	
  3973                           ;incstack = 0
  3974                           ; Regs used in _INT_ISR: [wreg+status,2+status,0+pclath+cstack]
  3975                           
  3976                           
  3977                           ;mcc_generated_files/ext_int.c: 34:     (INTCONbits.INTF = 0);
  3978  0214  108B               	bcf	11,1	;volatile
  3979  0215                     i1l2889:
  3980                           
  3981                           ;mcc_generated_files/ext_int.c: 37:     INT_CallBack();
  3982  0215  3181  21D4  3182   	fcall	_INT_CallBack
  3983  0218                     i1l526:
  3984  0218  0008               	return
  3985  0219                     __end_of_INT_ISR:
  3986                           
  3987                           	psect	text18
  3988  01D4                     __ptext18:	
  3989 ;; *************** function _INT_CallBack *****************
  3990 ;; Defined at:
  3991 ;;		line 41 in file "mcc_generated_files/ext_int.c"
  3992 ;; Parameters:    Size  Location     Type
  3993 ;;		None
  3994 ;; Auto vars:     Size  Location     Type
  3995 ;;		None
  3996 ;; Return value:  Size  Location     Type
  3997 ;;                  1    wreg      void 
  3998 ;; Registers used:
  3999 ;;		wreg, status,2, status,0, pclath, cstack
  4000 ;; Tracked objects:
  4001 ;;		On entry : 0/0
  4002 ;;		On exit  : 0/0
  4003 ;;		Unchanged: 0/0
  4004 ;; Data sizes:     COMMON   BANK0   BANK1   BANK2   BANK3   BANK4   BANK5   BANK6
  4005 ;;      Params:         0       0       0       0       0       0       0       0
  4006 ;;      Locals:         0       0       0       0       0       0       0       0
  4007 ;;      Temps:          0       0       0       0       0       0       0       0
  4008 ;;      Totals:         0       0       0       0       0       0       0       0
  4009 ;;Total ram usage:        0 bytes
  4010 ;; Hardware stack levels used: 1
  4011 ;; Hardware stack levels required when called: 1
  4012 ;; This function calls:
  4013 ;;		Absolute function
  4014 ;;		_INT_DefaultInterruptHandler
  4015 ;; This function is called by:
  4016 ;;		_INT_ISR
  4017 ;; This function uses a non-reentrant model
  4018 ;;
  4019                           
  4020  01D4                     _INT_CallBack:	
  4021                           ;psect for function _INT_CallBack
  4022                           
  4023  01D4                     i1l2781:	
  4024                           ;incstack = 0
  4025                           ; Regs used in _INT_CallBack: [wreg+status,2+status,0+pclath+cstack]
  4026                           
  4027                           
  4028                           ;mcc_generated_files/ext_int.c: 44:     if(INT_InterruptHandler)
  4029  01D4  0020               	movlb	0	; select bank0
  4030  01D5  0866               	movf	_INT_InterruptHandler,w
  4031  01D6  0467               	iorwf	_INT_InterruptHandler+1,w
  4032  01D7  1903               	btfsc	3,2
  4033  01D8  29DA               	goto	u111_21
  4034  01D9  29DB               	goto	u111_20
  4035  01DA                     u111_21:
  4036  01DA  29E0               	goto	i1l530
  4037  01DB                     u111_20:
  4038  01DB                     i1l2783:
  4039                           
  4040                           ;mcc_generated_files/ext_int.c: 45:     {;mcc_generated_files/ext_int.c: 46:         INT
      +                          _InterruptHandler();
  4041  01DB  0867               	movf	_INT_InterruptHandler+1,w
  4042  01DC  008A               	movwf	10
  4043  01DD  0866               	movf	_INT_InterruptHandler,w
  4044  01DE  000A               	callw
  4045  01DF  3181               	pagesel	$
  4046  01E0                     i1l530:
  4047  01E0  0008               	return
  4048  01E1                     __end_of_INT_CallBack:
  4049                           
  4050                           	psect	text19
  4051  0224                     __ptext19:	
  4052 ;; *************** function _INT_DefaultInterruptHandler *****************
  4053 ;; Defined at:
  4054 ;;		line 54 in file "mcc_generated_files/ext_int.c"
  4055 ;; Parameters:    Size  Location     Type
  4056 ;;		None
  4057 ;; Auto vars:     Size  Location     Type
  4058 ;;		None
  4059 ;; Return value:  Size  Location     Type
  4060 ;;                  1    wreg      void 
  4061 ;; Registers used:
  4062 ;;		None
  4063 ;; Tracked objects:
  4064 ;;		On entry : 0/0
  4065 ;;		On exit  : 0/0
  4066 ;;		Unchanged: 0/0
  4067 ;; Data sizes:     COMMON   BANK0   BANK1   BANK2   BANK3   BANK4   BANK5   BANK6
  4068 ;;      Params:         0       0       0       0       0       0       0       0
  4069 ;;      Locals:         0       0       0       0       0       0       0       0
  4070 ;;      Temps:          0       0       0       0       0       0       0       0
  4071 ;;      Totals:         0       0       0       0       0       0       0       0
  4072 ;;Total ram usage:        0 bytes
  4073 ;; Hardware stack levels used: 1
  4074 ;; This function calls:
  4075 ;;		Nothing
  4076 ;; This function is called by:
  4077 ;;		_EXT_INT_Initialize
  4078 ;;		_INT_CallBack
  4079 ;; This function uses a non-reentrant model
  4080 ;;
  4081                           
  4082  0224                     _INT_DefaultInterruptHandler:	
  4083                           ;psect for function _INT_DefaultInterruptHandler
  4084                           
  4085  0224                     i1l536:	
  4086                           ;incstack = 0
  4087                           ; Regs used in _INT_DefaultInterruptHandler: []
  4088                           
  4089  0224  0008               	return
  4090  0225                     __end_of_INT_DefaultInterruptHandler:
  4091  007E                     btemp	set	126	;btemp
  4092  007E                     int$flags	set	126
  4093  007E                     wtemp0	set	126
  4094                           
  4095                           	psect	idloc
  4096                           
  4097                           ;Config register IDLOC0 @ 0x8000
  4098                           ;	unspecified, using default values
  4099  8000                     	org	32768
  4100  8000  3FFF               	dw	16383
  4101                           
  4102                           ;Config register IDLOC1 @ 0x8001
  4103                           ;	unspecified, using default values
  4104  8001                     	org	32769
  4105  8001  3FFF               	dw	16383
  4106                           
  4107                           ;Config register IDLOC2 @ 0x8002
  4108                           ;	unspecified, using default values
  4109  8002                     	org	32770
  4110  8002  3FFF               	dw	16383
  4111                           
  4112                           ;Config register IDLOC3 @ 0x8003
  4113                           ;	unspecified, using default values
  4114  8003                     	org	32771
  4115  8003  3FFF               	dw	16383
  4116                           
  4117                           	psect	config
  4118                           
  4119                           ;Config register CONFIG1 @ 0x8007
  4120                           ;	Oscillator Selection
  4121                           ;	FOSC = INTOSC, INTOSC oscillator: I/O function on CLKIN pin
  4122                           ;	Watchdog Timer Enable
  4123                           ;	WDTE = OFF, WDT disabled
  4124                           ;	Power-up Timer Enable
  4125                           ;	PWRTE = OFF, PWRT disabled
  4126                           ;	MCLR Pin Function Select
  4127                           ;	MCLRE = ON, MCLR/VPP pin function is MCLR
  4128                           ;	Flash Program Memory Code Protection
  4129                           ;	CP = OFF, Program memory code protection is disabled
  4130                           ;	Data Memory Code Protection
  4131                           ;	CPD = OFF, Data memory code protection is disabled
  4132                           ;	Brown-out Reset Enable
  4133                           ;	BOREN = ON, Brown-out Reset enabled
  4134                           ;	Clock Out Enable
  4135                           ;	CLKOUTEN = OFF, CLKOUT function is disabled. I/O or oscillator function on the CLKOUT 
      +                          pin
  4136                           ;	Internal/External Switchover
  4137                           ;	IESO = ON, Internal/External Switchover mode is enabled
  4138                           ;	Fail-Safe Clock Monitor Enable
  4139                           ;	FCMEN = ON, Fail-Safe Clock Monitor is enabled
  4140  8007                     	org	32775
  4141  8007  3FE4               	dw	16356
  4142                           
  4143                           ;Config register CONFIG2 @ 0x8008
  4144                           ;	Flash Memory Self-Write Protection
  4145                           ;	WRT = OFF, Write protection off
  4146                           ;	Voltage Regulator Capacitor Enable
  4147                           ;	VCAPEN = OFF, All VCAP pin functionality is disabled
  4148                           ;	PLL Enable
  4149                           ;	PLLEN = ON, 4x PLL enabled
  4150                           ;	Stack Overflow/Underflow Reset Enable
  4151                           ;	STVREN = ON, Stack Overflow or Underflow will cause a Reset
  4152                           ;	Brown-out Reset Voltage Selection
  4153                           ;	BORV = LO, Brown-out Reset Voltage (Vbor), low trip point selected.
  4154                           ;	Low-Voltage Programming Enable
  4155                           ;	LVP = ON, Low-voltage programming enabled
  4156  8008                     	org	32776
  4157  8008  3FFF               	dw	16383

Data Sizes:
    Strings     0
    Constant    32
    Data        0
    BSS         202
    Persistent  32
    Stack       0

Auto Spaces:
    Space          Size  Autos    Used
    COMMON           14      9      12
    BANK0            80      5      78
    BANK1            80      0      62
    BANK2            80      0      64
    BANK3            80      0       0
    BANK4            80      0       0
    BANK5            80      0       0
    BANK6            16      0       0

Pointer List with Targets:

    I2C_Read1ByteRegister@returnValue.data	PTR unsigned char  size(1) Largest target is 22
		 -> get_calibration_data_BMP180@buffer_I2C(BANK0[22]), 

    I2C_Read2ByteRegister@returnValue.data	PTR unsigned char  size(1) Largest target is 22
		 -> get_calibration_data_BMP180@buffer_I2C(BANK0[22]), 

    I2C_Write1ByteRegister@data.data	PTR unsigned char  size(1) Largest target is 22
		 -> get_calibration_data_BMP180@buffer_I2C(BANK0[22]), 

    I2C_Write2ByteRegister@data.data	PTR unsigned char  size(1) Largest target is 22
		 -> get_calibration_data_BMP180@buffer_I2C(BANK0[22]), 

    I2C_DO_TX$2077$0	PTR void  size(1) Largest target is 4
		 -> I2C_ReadDataBlock@bufferBlock(COMMON[3]), I2C_Write2ByteRegister@data(COMMON[2]), I2C_Write1ByteRegister@data(COMMON[1]), I2C_Read2ByteRegister@returnValue(COMMON[2]), 
		 -> NULL(NULL[0]), I2C_Read1ByteRegister@returnValue(COMMON[1]), 

    cb$0	PTR void  size(1) Largest target is 4
		 -> I2C_ReadDataBlock@bufferBlock(COMMON[3]), I2C_Write2ByteRegister@data(COMMON[2]), I2C_Write1ByteRegister@data(COMMON[1]), I2C_Read2ByteRegister@returnValue(COMMON[2]), 
		 -> NULL(NULL[0]), I2C_Read1ByteRegister@returnValue(COMMON[1]), 

    Absolute function$0	PTR void  size(1) Largest target is 4
		 -> I2C_ReadDataBlock@bufferBlock(COMMON[3]), I2C_Write2ByteRegister@data(COMMON[2]), I2C_Write1ByteRegister@data(COMMON[1]), I2C_Read2ByteRegister@returnValue(COMMON[2]), 
		 -> NULL(NULL[0]), I2C_Read1ByteRegister@returnValue(COMMON[1]), 

    cb$0	PTR void  size(1) Largest target is 4
		 -> I2C_ReadDataBlock@bufferBlock(COMMON[3]), I2C_Write2ByteRegister@data(COMMON[2]), I2C_Write1ByteRegister@data(COMMON[1]), I2C_Read2ByteRegister@returnValue(COMMON[2]), 
		 -> NULL(NULL[0]), I2C_Read1ByteRegister@returnValue(COMMON[1]), 

    S335$0$0	PTR void  size(1) Largest target is 4
		 -> I2C_ReadDataBlock@bufferBlock(COMMON[3]), I2C_Write2ByteRegister@data(COMMON[2]), I2C_Write1ByteRegister@data(COMMON[1]), I2C_Read2ByteRegister@returnValue(COMMON[2]), 
		 -> NULL(NULL[0]), I2C_Read1ByteRegister@returnValue(COMMON[1]), 

    TMR1_SetInterruptHandler@InterruptHandler	PTR FTN()void  size(2) Largest target is 1
		 -> TMR1_DefaultInterruptHandler(), 

    TMR1_InterruptHandler	PTR FTN()void  size(2) Largest target is 1
		 -> TMR1_DefaultInterruptHandler(), Absolute function(), 

    INT_SetInterruptHandler@InterruptHandler	PTR FTN()void  size(2) Largest target is 1
		 -> INT_DefaultInterruptHandler(), 

    INT_InterruptHandler	PTR FTN()void  size(2) Largest target is 1
		 -> INT_DefaultInterruptHandler(), Absolute function(), 

    S335$data_ptr	PTR unsigned char  size(2) Largest target is 4096
		 -> read_result_BH1750@result(COMMON[2]), RAM(DATA[4096]), RAM(DATA[4096]), get_calibration_data_BMP180@buffer_I2C(BANK0[22]), 
		 -> I2C_ReadDataBlock@reg(COMMON[1]), I2C_ReadDataBlock@bufferBlock(COMMON[3]), I2C_Write2ByteRegister@reg(COMMON[1]), I2C_Write2ByteRegister@data(COMMON[2]), 
		 -> I2C_Write1ByteRegister@reg(COMMON[1]), I2C_Write1ByteRegister@data(COMMON[1]), I2C_Read2ByteRegister@reg(COMMON[1]), I2C_Read2ByteRegister@returnValue(COMMON[2]), 
		 -> NULL(NULL[0]), I2C_Read1ByteRegister@reg(COMMON[1]), I2C_Read1ByteRegister@returnValue(COMMON[1]), 

    I2C_Status.data_ptr	PTR unsigned char  size(2) Largest target is 4096
		 -> read_result_BH1750@result(COMMON[2]), RAM(DATA[4096]), RAM(DATA[4096]), get_calibration_data_BMP180@buffer_I2C(BANK0[22]), 
		 -> I2C_ReadDataBlock@reg(COMMON[1]), I2C_ReadDataBlock@bufferBlock(COMMON[3]), I2C_Write2ByteRegister@reg(COMMON[1]), I2C_Write2ByteRegister@data(COMMON[2]), 
		 -> I2C_Write1ByteRegister@reg(COMMON[1]), I2C_Write1ByteRegister@data(COMMON[1]), I2C_Read2ByteRegister@reg(COMMON[1]), I2C_Read2ByteRegister@returnValue(COMMON[2]), 
		 -> NULL(NULL[0]), I2C_Read1ByteRegister@reg(COMMON[1]), I2C_Read1ByteRegister@returnValue(COMMON[1]), 

    S335$callbackPayload	PTR void [6] size(1) Largest target is 4
		 -> I2C_ReadDataBlock@bufferBlock(COMMON[3]), I2C_Write2ByteRegister@data(COMMON[2]), I2C_Write1ByteRegister@data(COMMON[1]), I2C_Read2ByteRegister@returnValue(COMMON[2]), 
		 -> NULL(NULL[0]), I2C_Read1ByteRegister@returnValue(COMMON[1]), 

    I2C_Status.callbackPayload	PTR void [6] size(1) Largest target is 4
		 -> I2C_ReadDataBlock@bufferBlock(COMMON[3]), I2C_Write2ByteRegister@data(COMMON[2]), I2C_Write1ByteRegister@data(COMMON[1]), I2C_Read2ByteRegister@returnValue(COMMON[2]), 
		 -> NULL(NULL[0]), I2C_Read1ByteRegister@returnValue(COMMON[1]), 

    S335$callbackTable	PTR FTN(PTR void ,)enum E360[6] size(2) Largest target is 1
		 -> I2C_CallbackReturnReset(), I2C_CallbackReturnStop(), Absolute function(), rdBlkRegCompleteHandler(), 
		 -> wr2RegCompleteHandler(), wr1RegCompleteHandler(), rd2RegCompleteHandler(), rd1RegCompleteHandler(), 

    I2C_Status.callbackTable	PTR FTN(PTR void ,)enum E360[6] size(2) Largest target is 1
		 -> I2C_CallbackReturnReset(), I2C_CallbackReturnStop(), Absolute function(), rdBlkRegCompleteHandler(), 
		 -> wr2RegCompleteHandler(), wr1RegCompleteHandler(), rd2RegCompleteHandler(), rd1RegCompleteHandler(), 

    i2c_fsmStateTable	const PTR FTN()enum E3352[16] size(2) Largest target is 1
		 -> I2C_DO_ADDRESS_NACK(), I2C_DO_RESET(), I2C_DO_RX_NACK_RESTART(), I2C_DO_RX_NACK_STOP(), 
		 -> I2C_DO_RX_ACK(), I2C_DO_SEND_STOP(), I2C_DO_SEND_RESTART(), I2C_DO_SEND_RESTART_WRITE(), 
		 -> I2C_DO_SEND_RESTART_READ(), I2C_DO_TX_EMPTY(), I2C_DO_RCEN(), I2C_DO_RX(), 
		 -> I2C_DO_TX(), I2C_DO_SEND_ADR_WRITE(), I2C_DO_SEND_ADR_READ(), I2C_DO_IDLE(), 

    rdBlkRegCompleteHandler@ptr.data	PTR unsigned char  size(1) Largest target is 22
		 -> get_calibration_data_BMP180@buffer_I2C(BANK0[22]), 

    S94$data	PTR unsigned char  size(1) Largest target is 22
		 -> get_calibration_data_BMP180@buffer_I2C(BANK0[22]), 

    bufferBlock.data	PTR unsigned char  size(1) Largest target is 22
		 -> get_calibration_data_BMP180@buffer_I2C(BANK0[22]), 


Critical Paths under _main in COMMON

    _main->_set_led_color
    _TMR1_Initialize->_TMR1_SetInterruptHandler
    _EXT_INT_Initialize->_INT_SetInterruptHandler

Critical Paths under _INTERRUPT_InterruptManager in COMMON

    _TMR1_ISR->_TMR1_WriteTimer

Critical Paths under _main in BANK0

    _main->_set_led_color

Critical Paths under _INTERRUPT_InterruptManager in BANK0

    None.

Critical Paths under _main in BANK1

    None.

Critical Paths under _INTERRUPT_InterruptManager in BANK1

    None.

Critical Paths under _main in BANK2

    None.

Critical Paths under _INTERRUPT_InterruptManager in BANK2

    None.

Critical Paths under _main in BANK3

    None.

Critical Paths under _INTERRUPT_InterruptManager in BANK3

    None.

Critical Paths under _main in BANK4

    None.

Critical Paths under _INTERRUPT_InterruptManager in BANK4

    None.

Critical Paths under _main in BANK5

    None.

Critical Paths under _INTERRUPT_InterruptManager in BANK5

    None.

Critical Paths under _main in BANK6

    None.

Critical Paths under _INTERRUPT_InterruptManager in BANK6

    None.

Call Graph Tables:

 ---------------------------------------------------------------------------------
 (Depth) Function   	        Calls       Base Space   Used Autos Params    Refs
 ---------------------------------------------------------------------------------
 (0) _main                                                 3     3      0    1194
                                              6 COMMON     3     3      0
                  _SYSTEM_Initialize
                    _TMR1_StartTimer
                      _set_led_color
 ---------------------------------------------------------------------------------
 (1) _set_led_color                                        9     6      3     998
                                              2 COMMON     4     1      3
                                              0 BANK0      5     5      0
 ---------------------------------------------------------------------------------
 (1) _TMR1_StartTimer                                      0     0      0       0
 ---------------------------------------------------------------------------------
 (1) _SYSTEM_Initialize                                    0     0      0     196
                 _EXT_INT_Initialize
                     _I2C_Initialize
              _OSCILLATOR_Initialize
             _PIN_MANAGER_Initialize
                    _TMR1_Initialize
                     _WDT_Initialize
 ---------------------------------------------------------------------------------
 (2) _WDT_Initialize                                       0     0      0       0
 ---------------------------------------------------------------------------------
 (2) _TMR1_Initialize                                      0     0      0      98
           _TMR1_SetInterruptHandler
 ---------------------------------------------------------------------------------
 (3) _TMR1_SetInterruptHandler                             2     0      2      98
                                              2 COMMON     2     0      2
 ---------------------------------------------------------------------------------
 (2) _PIN_MANAGER_Initialize                               0     0      0       0
 ---------------------------------------------------------------------------------
 (2) _OSCILLATOR_Initialize                                0     0      0       0
 ---------------------------------------------------------------------------------
 (2) _I2C_Initialize                                       0     0      0       0
 ---------------------------------------------------------------------------------
 (2) _EXT_INT_Initialize                                   0     0      0      98
            _INT_SetInterruptHandler
 ---------------------------------------------------------------------------------
 (3) _INT_SetInterruptHandler                              2     0      2      98
                                              2 COMMON     2     0      2
 ---------------------------------------------------------------------------------
 Estimated maximum stack depth 3
 ---------------------------------------------------------------------------------
 (Depth) Function   	        Calls       Base Space   Used Autos Params    Refs
 ---------------------------------------------------------------------------------
 (4) _INTERRUPT_InterruptManager                           0     0      0     240
                            _INT_ISR
                           _TMR1_ISR
                     _TMR1_StopTimer
 ---------------------------------------------------------------------------------
 (5) _TMR1_StopTimer                                       0     0      0       0
 ---------------------------------------------------------------------------------
 (5) _TMR1_ISR                                             0     0      0     240
                   Absolute function *
       _TMR1_DefaultInterruptHandler *
                    _TMR1_WriteTimer
 ---------------------------------------------------------------------------------
 (6) _TMR1_WriteTimer                                      2     0      2     240
                                              0 COMMON     2     0      2
 ---------------------------------------------------------------------------------
 (6) _TMR1_DefaultInterruptHandler                         0     0      0       0
 ---------------------------------------------------------------------------------
 (5) _INT_ISR                                              0     0      0       0
                       _INT_CallBack
 ---------------------------------------------------------------------------------
 (6) _INT_CallBack                                         0     0      0       0
                   Absolute function *
        _INT_DefaultInterruptHandler *
 ---------------------------------------------------------------------------------
 (7) _INT_DefaultInterruptHandler                          0     0      0       0
 ---------------------------------------------------------------------------------
 (6) Absolute function(Fake)                               1     0      1       0
 ---------------------------------------------------------------------------------
 Estimated maximum stack depth 7
 ---------------------------------------------------------------------------------

 Call Graph Graphs:

 _main (ROOT)
   _SYSTEM_Initialize
     _EXT_INT_Initialize
       _INT_SetInterruptHandler
     _I2C_Initialize
     _OSCILLATOR_Initialize
     _PIN_MANAGER_Initialize
     _TMR1_Initialize
       _TMR1_SetInterruptHandler
     _WDT_Initialize
   _TMR1_StartTimer
   _set_led_color

 _INTERRUPT_InterruptManager (ROOT)
   _INT_ISR
     _INT_CallBack
       Absolute function(Fake) *
       _INT_DefaultInterruptHandler *
   _TMR1_ISR
     Absolute function(Fake) *
     _TMR1_DefaultInterruptHandler *
     _TMR1_WriteTimer *
   _TMR1_StopTimer

 Address spaces:
Name               Size   Autos  Total    Cost      Usage
BIGRAM             1F0      0       0       0        0.0%
EEDATA             100      0       0       0        0.0%
NULL                 0      0       0       0        0.0%
CODE                 0      0       0       0        0.0%
BITCOMMON            E      0       0       1        0.0%
BITSFR0              0      0       0       1        0.0%
SFR0                 0      0       0       1        0.0%
COMMON               E      9       C       2       85.7%
BITSFR1              0      0       0       2        0.0%
SFR1                 0      0       0       2        0.0%
BITSFR2              0      0       0       3        0.0%
SFR2                 0      0       0       3        0.0%
STACK                0      0       0       3        0.0%
BITSFR3              0      0       0       4        0.0%
SFR3                 0      0       0       4        0.0%
ABS                  0      0      D8       4        0.0%
BITBANK0            50      0       0       5        0.0%
BITSFR4              0      0       0       5        0.0%
SFR4                 0      0       0       5        0.0%
BANK0               50      5      4E       6       97.5%
BITSFR5              0      0       0       6        0.0%
SFR5                 0      0       0       6        0.0%
BITBANK1            50      0       0       7        0.0%
BITSFR6              0      0       0       7        0.0%
SFR6                 0      0       0       7        0.0%
BANK1               50      0      3E       8       77.5%
BITSFR7              0      0       0       8        0.0%
SFR7                 0      0       0       8        0.0%
BITBANK2            50      0       0       9        0.0%
BITSFR8              0      0       0       9        0.0%
SFR8                 0      0       0       9        0.0%
BANK2               50      0      40      10       80.0%
BITSFR9              0      0       0      10        0.0%
SFR9                 0      0       0      10        0.0%
BITBANK3            50      0       0      11        0.0%
BITSFR10             0      0       0      11        0.0%
SFR10                0      0       0      11        0.0%
BANK3               50      0       0      12        0.0%
BITSFR11             0      0       0      12        0.0%
SFR11                0      0       0      12        0.0%
BITBANK4            50      0       0      13        0.0%
BITSFR12             0      0       0      13        0.0%
SFR12                0      0       0      13        0.0%
BANK4               50      0       0      14        0.0%
BITSFR13             0      0       0      14        0.0%
SFR13                0      0       0      14        0.0%
BITBANK5            50      0       0      15        0.0%
BITSFR14             0      0       0      15        0.0%
SFR14                0      0       0      15        0.0%
BANK5               50      0       0      16        0.0%
BITSFR15             0      0       0      16        0.0%
SFR15                0      0       0      16        0.0%
BITBANK6            10      0       0      17        0.0%
BITSFR16             0      0       0      17        0.0%
SFR16                0      0       0      17        0.0%
BANK6               10      0       0      18        0.0%
BITSFR17             0      0       0      18        0.0%
SFR17                0      0       0      18        0.0%
BITSFR18             0      0       0      19        0.0%
SFR18                0      0       0      19        0.0%
DATA                 0      0      D8      19        0.0%
BITSFR19             0      0       0      20        0.0%
SFR19                0      0       0      20        0.0%
BITSFR20             0      0       0      21        0.0%
SFR20                0      0       0      21        0.0%
BITSFR21             0      0       0      22        0.0%
SFR21                0      0       0      22        0.0%
BITSFR22             0      0       0      23        0.0%
SFR22                0      0       0      23        0.0%
BITSFR23             0      0       0      24        0.0%
SFR23                0      0       0      24        0.0%
BITSFR24             0      0       0      25        0.0%
SFR24                0      0       0      25        0.0%
BITSFR25             0      0       0      26        0.0%
SFR25                0      0       0      26        0.0%
BITSFR26             0      0       0      27        0.0%
SFR26                0      0       0      27        0.0%
BITSFR27             0      0       0      28        0.0%
SFR27                0      0       0      28        0.0%
BITSFR28             0      0       0      29        0.0%
SFR28                0      0       0      29        0.0%
BITSFR29             0      0       0      30        0.0%
SFR29                0      0       0      30        0.0%
BITSFR30             0      0       0      31        0.0%
SFR30                0      0       0      31        0.0%
BITSFR31             0      0       0      32        0.0%
SFR31                0      0       0      32        0.0%


Microchip Technology PIC Macro Assembler V2.36 build 20220127204148 
Symbol Table                                                                                   Tue Aug 29 12:43:17 2023

                             _SSPSTATbits 0214                                       l141 0161  
                                     l172 01E7                                       l175 01EC  
                                     l169 01C2                                       l178 021C  
                                     l533 0213                                       l285 0201  
                                     l539 01F8                                       l566 0199  
                                     l680 00C6                                       l672 007E  
                                     l569 021F                                       l682 00DF  
                                     l683 00E9                                       l596 020D  
                                     l676 00A2                           _timer1ReloadVal 0079  
                                     wreg 0009                              _I2C_DO_RESET 0000  
                                    l3501 00D9                                      l3503 00E2  
                                    l3511 00EF                                      l2721 014B  
                                    l3521 0107                                      l3513 00FB  
                                    l3505 00EA                                      l2651 020E  
                                    l2731 0156                                      l2723 014D  
                                    l2715 0140                                      l3531 011F  
                                    l3523 0108                                      l3515 00FD  
                                    l3507 00ED                                      l2741 015F  
                                    l2733 0158                                      l2725 014F  
                                    l2717 0146                                      l2653 0208  
                                    l3461 0066                                      l3541 0129  
                                    l3533 0120                                      l3525 010A  
                                    l3517 00FE                                      l3509 00EE  
                                    l2743 01F9                                      l2751 01E1  
                                    l2735 015A                                      l2727 0151  
                                    l2719 0149                                      l3471 0077  
                                    l3463 0069                                      l3543 012A  
                                    l3535 0121                                      l3527 010E  
                                    l3519 0103                                      l2745 01FB  
                                    l2753 01E4                                      l2737 015C  
                                    l2729 0154                                      l2761 0184  
                                    l3481 008E                                      l3473 0082  
                                    l3545 013A                                      l3537 0122  
                                    l3529 010F                                      l2747 01FD  
                                    l2755 01E5                                      l2739 015D  
                                    l2771 018F                                      l2763 0186  
                                    l3483 009B                                      l3475 008D  
                                    l3547 013B                                      l3539 0125  
                                    l2749 0200                                      l2773 0196  
                                    l2765 0188                                      l2757 0219  
                                    l3493 00B2                                      l3485 00A6  
                                    l3469 006A                                      l3549 013C  
                                    l2775 01ED                                      l2767 0189  
                                    l2759 0182                                      l3495 00BF  
                                    l3487 00B1                                      l2777 01F0  
                                    l2769 018D                                      l3497 00CA  
                                    l2779 01F7                                      l2891 021D  
                                    l3499 00D5                                      l2885 01B0  
                                    _FLAG 007B                                      u1100 01EC  
                                    u1101 01EB                                      _LATA 010C  
                                    _LATB 010D                           __end_of_INT_ISR 0219  
                                    _LATC 010E                                      _LATD 010F  
                                    _LATE 0110                                      u2500 00D5  
                                    u2501 00D4                                      u2510 00DF  
                                    u2430 0077                                      u2511 00DE  
                                    u2431 0076                                      u2440 008D  
                                    u2424 006F                                      u2520 0103  
                                    u2441 008C                                      u2425 006E  
                                    u2521 0102                                      u2530 0107  
                                    u2531 0106                                      u2460 009B  
                                    u2540 010E                                      u2461 009A  
                                    u2541 010D                                      u2470 00B1  
                                    u2454 0093                                      u2550 0129  
                                    u2471 00B0                                      u2455 0092  
                                    u2551 0128                                      u2490 00BF  
                                    u2491 00BE                                      u2484 00B7  
                                    u2485 00B6                                      u2567 00F4  
                                    u2577 00E3                                      _PLLR 04D6  
                                    _WPUB 020D                                      _WPUE 0210  
                                    _main 00EA                                      fsr0h 0005  
                                    indf0 0000                                      fsr0l 0004  
                                    btemp 007E       __end_of_INT_DefaultInterruptHandler 0225  
             _INT_DefaultInterruptHandler 0224                                      start 0043  
         __end_of_INT_SetInterruptHandler 0214                ??_TMR1_SetInterruptHandler 0074  
                           _I2C_DO_RX_ACK 0000             __end_of_OSCILLATOR_Initialize 01ED  
                                   ?_main 0070                           _TMR1_StartTimer 021D  
                                   _T1CON 0018                                     i1l530 01E0  
                                   i1l526 0218                                     i1l536 0224  
                                   i1l640 001A                                     i1l580 01D3  
                                   i1l572 0222                                     i1l648 0041  
                                   i1l593 01AF                                     i1l649 0041  
                                   i1l599 0223                                     _TMR1H 0017  
                                   _TMR1L 0016                                     _TRISA 008C  
                                   _TRISB 008D                                     _TRISC 008E  
                                   _TRISD 008F                                     _TRISE 0090  
                        __end_of_TMR1_ISR 01B0                            _WDT_Initialize 0219  
                 __end_of_TMR1_Initialize 019A                                     pclath 000A  
                 set_led_color@number_led 0069                                     status 0003  
                                   wtemp0 007E                  get_pressure_BMP180@F3879 00D8  
                         _TMR1_WriteTimer 01C3                           __initialization 0045  
                            __end_of_main 0140               ?_INTERRUPT_InterruptManager 0070  
                                  ??_main 0076                    __end_of_WDT_Initialize 021D  
                               ??_INT_ISR 0070                              _DATA_BMP_180 00A0  
                                  _BMP180 0020                                    _APFCON 011D  
                                  _ANSELA 018C                                    _ANSELB 018D  
                                  _ANSELD 018F                                    _ANSELE 0190  
                                  _BORCON 0116                                    _T1GCON 0019  
                 TMR1_WriteTimer@timerVal 0070                                    u111_20 01DB  
                                  u111_21 01DA                                    i1l3001 000A  
                                  i1l3011 001E                                    i1l3003 000E  
                                  i1l3021 0036                                    i1l3013 0023  
                                  i1l3005 0011                                    i1l3023 0038  
                                  i1l3015 0028                                    i1l3007 0015  
                                  u112_20 01C8                                    u112_21 01C7  
                                  i1l3025 003C                                    i1l3017 002B  
                                  i1l3009 0016                                    i1l3019 0035  
                                  i1l2901 01AA                                    i1l2781 01D4  
                                  i1l2783 01DB                                    i1l2791 01CB  
                                  u140_20 000E                                    i1l2793 01CD  
                                  i1l2785 01C3                                    u140_21 000D  
                                  i1l2787 01C8                                    i1l2795 01CF  
                                  i1l2797 01D1                                    i1l2789 01C9  
                                  i1l2893 0220                                    i1l2887 0214  
                                  i1l2895 019A                                    u125_20 01AA  
                                  u141_20 0015                                    i1l2889 0215  
                                  u125_21 01A9                                    i1l2897 019C  
                                  u141_21 0014                                    i1l2899 01A3  
                                  i1l2999 0006                                    u142_20 001E  
                                  u142_21 001D                                    u143_20 0023  
                                  u143_21 0022                                    u144_20 0028  
                                  u144_21 0027                                    u145_20 0035  
                                  u145_21 0034                                    u139_20 000A  
                                  u139_21 0009                                    _OSCCON 0099  
                                  _WDTCON 0097                                    _SSPADD 0212  
                                  _SSPBUF 0211      __end_of_TMR1_DefaultInterruptHandler 0224  
            _TMR1_DefaultInterruptHandler 0223                   __end_of_TMR1_StartTimer 0220  
                           ?_INT_CallBack 0070                       _I2C_DO_ADDRESS_NACK 0000  
                         ?_WDT_Initialize 0070  TMR1_SetInterruptHandler@InterruptHandler 0072  
 INT_SetInterruptHandler@InterruptHandler 0072                   __end_of_TMR1_WriteTimer 01D4  
                        ?_TMR1_Initialize 0070                         _SYSTEM_Initialize 01B0  
                   __end_of_set_led_color 00EA                   __end_of__initialization 0060  
                      ?_SYSTEM_Initialize 0070                   _rdBlkRegCompleteHandler 0000  
                          __pcstackCOMMON 0070                    _I2C_CallbackReturnStop 0000  
                     ??_SYSTEM_Initialize 0074                                 ?_TMR1_ISR 0070  
           ?_TMR1_DefaultInterruptHandler 0070                            ??_INT_CallBack 0070  
                          _OPTION_REGbits 0095                 __end_of_SYSTEM_Initialize 01C3  
                              __pbssBANK0 0020                                __pbssBANK1 00A0  
                              __pbssBANK2 0120                       _I2C_DO_RX_NACK_STOP 0000  
                   _rd1RegCompleteHandler 0000                     _wr1RegCompleteHandler 0000  
                              __pmaintext 00EA                           _I2C_DO_TX_EMPTY 0000  
                        ?_TMR1_StartTimer 0070                                ??_TMR1_ISR 0072  
                              __pintentry 0004                                   _INT_ISR 0214  
                                 _OSCTUNE 0098                                   _SSPCON1 0215  
                                 _SSPCON2 0216                         set_led_color@blue 0074  
                                 _SSPSTAT 0214                          ?_TMR1_WriteTimer 0070  
                               _I2C_DO_RX 0000                                 _I2C_DO_TX 0000  
                 read_result_BH1750@F3419 0060                            _I2C_Initialize 01F9  
                                 __ptext1 0064                                   __ptext2 021D  
                                 __ptext3 01B0                                   __ptext4 0219  
                                 __ptext5 0182                                   __ptext6 0208  
                                 __ptext7 0140                                   __ptext8 01E1  
                                 __ptext9 01F9                                 _COLOR_LED 0120  
                          set_led_color@i 006B            ??_TMR1_DefaultInterruptHandler 0070  
                               _T1CONbits 0018                     _OSCILLATOR_Initialize 01E1  
                ??_PIN_MANAGER_Initialize 0072                 ?_TMR1_SetInterruptHandler 0072  
                 _INT_SetInterruptHandler 020E                                   clrloop0 0203  
                    end_of_initialization 0060                      __end_of_INT_CallBack 01E1  
                  __end_of_I2C_Initialize 0202                          ??_WDT_Initialize 0072  
                     set_led_color@i_1261 006C                       set_led_color@i_1262 006D  
                               _PORTBbits 000D                      _status_communication 0068  
          set_led_color@number_led_choose 006A                               _I2C_DO_IDLE 0000  
                             _I2C_DO_RCEN 0000                  _I2C_DO_SEND_RESTART_READ 0000  
                         ?_I2C_Initialize 0070                   _I2C_CallbackReturnReset 0000  
                          _TMR1_StopTimer 0220                    ?_OSCILLATOR_Initialize 0070  
               ??_INT_SetInterruptHandler 0074                       start_initialization 0045  
                  _I2C_DO_RX_NACK_RESTART 0000              ?_INT_DefaultInterruptHandler 0070  
                  __end_of_TMR1_StopTimer 0223                __end_of_EXT_INT_Initialize 01F9  
                        _I2C_DO_SEND_STOP 0000                         _i2c_fsmStateTable 0162  
                   _I2C_DO_SEND_ADR_WRITE 0000                               __pbssCOMMON 0079  
                               ___latbits 0002                                  ?_INT_ISR 0070  
                           __pcstackBANK0 0069                 _I2C_DO_SEND_RESTART_WRITE 0000  
                   _rd2RegCompleteHandler 0000                    _PIN_MANAGER_Initialize 0140  
                   _wr2RegCompleteHandler 0000             ??_INT_DefaultInterruptHandler 0070  
        __end_of_TMR1_SetInterruptHandler 020E                           ?_TMR1_StopTimer 0070  
               __end_of_i2c_fsmStateTable 0182              ??_INTERRUPT_InterruptManager 0072  
                        set_led_color@red 0072                              _INT_CallBack 01D4  
                          _time_out_timer 0062                             _set_led_color 0064  
                                _LATBbits 010D                                 clear_ram0 0202  
                                _PIE1bits 0091                                  _PIR1bits 0011  
                                _PIR2bits 0012                                  _TMR1_ISR 019A  
                      set_led_color@green 0073                         ??_TMR1_Initialize 0074  
                              _I2C_Status 0042                            ?_set_led_color 0072  
                        ??_I2C_Initialize 0072                   ??_OSCILLATOR_Initialize 0072  
                    _I2C_DO_SEND_ADR_READ 0000                  _TMR1_SetInterruptHandler 0208  
                   _TMR1_InterruptHandler 0064                                  __ptext10 01ED  
                                __ptext11 020E                                  __ptext13 0220  
                              _T1GCONbits 0019                                  __ptext14 019A  
                                __ptext15 01C3                                  __ptext16 0223  
                                __ptext17 0214                                  __ptext18 01D4  
                                __ptext19 0224                         ??_TMR1_StartTimer 0072  
                                int$flags 007E        __end_of_INTERRUPT_InterruptManager 0043  
              _INTERRUPT_InterruptManager 0004                         ??_TMR1_WriteTimer 0072  
                              _INTCONbits 000B                      _INT_InterruptHandler 0066  
                      _EXT_INT_Initialize 01ED          get_calibration_data_BMP180@F3861 00C2  
                         ??_set_led_color 0075                                  intlevel1 0000  
                 ?_PIN_MANAGER_Initialize 0070                       _I2C_DO_SEND_RESTART 0000  
                     ?_EXT_INT_Initialize 0070                          ??_TMR1_StopTimer 0070  
                ?_INT_SetInterruptHandler 0072                             __pstringtext1 0162  
                    ??_EXT_INT_Initialize 0074                               _SSPCON1bits 0215  
                             _SSPCON2bits 0216            __end_of_PIN_MANAGER_Initialize 0162  
                         _TMR1_Initialize 0182  
